ccode,year,qtr,cpi,dcpi,oilprice,dgdpdef,mbase,domcredit,money,M1,M2,ffrate,cprate,tb3rate,libor3mo,primerate,tr10yr,tr3yr,stockprice,NASDAQindex,S_Pindex,wage,REER_RULC,ip,unemp,exports,govt,grossinv,dinventories,consump,imports,gdp,gdpdefl,yq,rexports,rgovt,rgrossinv,rdinventories,rconsump,rimports,rgdp,rM1,rM2,rmbase,rwage,lrexports,lrgovt,lrgrossinv,lrconsump,lrimports,lrgdp,lrmbase,lrM1,lrM2,lrwage
111,1959,1,14.8234,.833333,2.99,1.54848,40.615,294.556,144.803,139.7,289.2,2.57,,,,4,3.99,3.93333,5.66359,,4.28478,12.4239,,23.9173,6.8,21.8,78.2,102.9,3.9,310.1,21.4,495.5,18.2821,1959q1,119.24232,427.74078,562.84564,21.332342,1696.1946,117.05439,2710.3013,764.13544,1581.8751,222.1572,67.956635,4.7811575,6.0585175,6.3330054,7.4361424,4.7626386,7.9048152,5.4033852,6.6387448,7.3663664,4.2188697
111,1959,2,14.8773,.463269,2.97,1.34917,40.75,300.039,143.213,141.2,294.1,3.08333,,,,4.24333,4.25667,4.26667,5.93907,,4.46205,12.5849,,25.0732,5.16667,22.6,80.7,104.4,7.3,316.1,22.5,508.5,18.2993,1959q2,123.50199,441.00049,570.51361,39.892235,1727.3884,122.95552,2778.7949,771.6142,1607.1653,222.68611,68.772575,4.8162575,6.089046,6.3465371,7.4543657,4.8118229,7.9297729,5.4057631,6.6484847,7.3822274,4.2308049
111,1959,3,14.9704,.958361,2.97,.992235,41.034,303.66,145.297,141,296.7,3.57667,,,,4.66667,4.50333,4.72333,6.1905,,4.56879,12.4843,,24.0488,4.9,23.5,81.59999999999999,105.4,.4,321.3,22.9,509.3,18.3498,1959q3,128.06679,444.6915,574.39319,2.1798604,1750.9728,124.797,2775.5071,768.40076,1616.9114,223.62097,68.035072,4.8525519,6.0973806,6.3533139,7.467927,4.8266883,7.9285889,5.4099526,6.6443114,7.3882732,4.2200232
111,1959,4,15.0439,1.45406,2.97,.928703,40.88,310.429,144.785,140,297.8,3.99,,,,5,4.58333,4.91667,6.17868,,4.49344,12.6051,,24.1636,5.03333,23.1,82.2,103,4.1,323.4,22.5,513.2000000000001,18.426,1959q4,125.36633,446.10876,558.99274,22.251167,1755.1287,122.11006,2785.1948,759.79596,1616.1945,221.86041,68.409309,4.8312402,6.1005626,6.3261366,7.4702973,4.8049226,7.9320731,5.4020486,6.63305,7.3878298,4.2255087
111,1960,1,15.0439,1.4876,2.97,1.22554,40.616,305.989,144.563,139.8,299.4,3.93333,,,,5,4.48667,4.67,5.98859,,4.3611,12.9273,,25.6218,5.96667,26,80.59999999999999,105.6,11.2,326.9,23.3,527,18.5062,1960q1,140.49345,435.52972,570.61957,60.52026,1766.4351,125.90375,2847.6943,755.42249,1617.8362,219.4724,69.853889,4.9451609,6.0765629,6.3467226,7.4767189,4.8355179,7.9542651,5.3912263,6.6272774,7.388845,4.2464056
111,1960,2,15.137,1.74572,2.97,1.45093,40.689,310.14,145.696,139.6,302.3,3.69667,,,,5,4.26,4.24667,5.94128,,4.33163,12.9273,,25.0648,5.26667,27.6,82,104.1,3.2,332.8,23.5,526.2000000000001,18.5648,1960q2,148.66844,441.69611,560.73859,17.236921,1792.6399,126.58364,2834.3962,751.96069,1628.3505,219.17284,69.633392,5.0017185,6.0906219,6.3292546,7.4914446,4.8409033,7.949584,5.3898606,6.622684,7.3953228,4.2432442
111,1960,3,15.1762,1.3748,2.97,1.54483,41.04,317.605,147.104,141.2,308.4,2.93667,,,,4.78333,3.83333,3.49,5.84142,,4.27875,12.9273,,24.6506,5.13333,27,84.40000000000001,103.4,4.3,332.8,22.9,529,18.6333,1960q3,144.90187,452.95251,554.92047,23.076963,1786.0497,122.89825,2839.0032,757.78308,1655.1013,220.25084,69.377403,4.9760566,6.1157875,6.3188248,7.4877615,4.811357,7.9512081,5.3947673,6.6303973,7.4116173,4.2395611
111,1960,4,15.2595,1.43322,2.97,1.41243,40.977,328.965,147.104,140.7,312.4,2.29667,,,,4.5,3.88667,3.51667,5.66675,,4.25073,13.0279,,24.06,5.66667,27.5,86.2,102.8,-5.8,334.7,21.7,523.7000000000001,18.6862,1960q4,147.16743,461.30298,550.13861,-31.038948,1791.1614,116.12848,2802.603,752.9621,1671.822,219.29018,69.719368,4.9915709,6.1340551,6.3101702,7.4906197,4.7546973,7.9383039,5.3903956,6.6240149,7.4216695,4.2444782
111,1961,1,15.2693,1.49837,2.97,1.19901,40.851,331.087,147.459,141.9,318.3,2.00333,,,,4.5,3.78667,3.4,6.17125,,4.75137,13.1085,,23.6933,7.83333,27.5,85.3,104.2,-2.5,335.2,21.7,528,18.7281,1961q1,146.83818,455.46533,556.38318,-13.348925,1789.8239,115.86867,2819.293,757.685,1699.5851,218.12677,69.993752,4.9893312,6.1213198,6.3214574,7.4898725,4.7524571,7.9442415,5.3850765,6.6302676,7.4381394,4.2484059
111,1961,2,15.2742,.906442,2.97,1.0915,40.902,336.835,147.827,142.9,324.3,1.73333,,,,4.5,3.79,3.39667,6.53974,,5.05856,13.2494,,24.6338,6.96667,27.4,87.59999999999999,104,1.8,340.2,21.9,539,18.7674,1961q2,145.99785,466.76685,554.1524,9.5910997,1812.7178,116.69171,2872.0015,761.42676,1727.9965,217.94176,70.597954,4.983592,6.1458297,6.3174396,7.5025826,4.7595353,7.9627643,5.3842278,6.6351938,7.4547181,4.2570009
111,1961,3,15.3526,1.16242,2.97,1.04914,41.417,346.337,151.102,143.8,329.5,1.68333,,,,4.5,3.98,3.69333,6.70075,,5.11339,13.2494,,25.4175,6.3,27.2,89,106.9,6.7,343.1,23.3,549.5,18.8288,1961q3,144.45955,472.68015,567.74725,35.583786,1822.2085,123.7466,2918.4016,763.72363,1749.9788,219.96622,70.367737,4.9729996,6.1584191,6.3416762,7.5078044,4.8182359,7.9787912,5.3934741,6.638206,7.4673591,4.2537351
111,1961,4,15.3722,.7386,2.97,1.10735,41.853,359.059,152.714,145.2,335.5,2.4,,,,4.5,3.97333,3.65,6.81411,,5.3602,13.5112,,26.3104,5.63333,28.3,90.8,111,6,350.3,23.9,562.6,18.8931,1961q4,149.79013,480.59872,587.51605,31.757626,1854.1161,126.50121,2977.8066,768.53455,1775.7805,221.52531,71.513939,5.0092354,6.1750326,6.3759036,7.5251632,4.8402519,7.9989424,5.400537,6.6444855,7.4819951,4.2698922
111,1962,1,15.4016,.866496,2.97,1.48238,41.923,360.065,152.923,146,343.1,2.45667,,,,4.5,4.01667,3.63333,6.73542,,5.34765,13.6723,,26.705,6.46667,28.3,94.09999999999999,113,9.4,355.6,24.3,576.1,19.0057,1962q1,148.90269,495.11462,594.55847,49.458847,1871.0177,127.85638,3031.1958,768.19061,1805.2479,220.58119,71.937889,5.003293,6.2047892,6.3878193,7.5342379,4.8509078,8.0167122,5.396266,6.6440377,7.4984531,4.2758031
111,1962,2,15.4703,1.28329,2.97,1.39703,42.259,366.777,154.129,146.6,349.3,2.60667,,,,4.5,3.87333,3.39,6.02544,,4.74026,13.7126,,26.9625,5.5,30.7,95.59999999999999,115.1,5.4,361.2,24.9,583.2000000000001,19.0296,1962q2,161.32762,502.37524,604.84717,28.376844,1898.0956,130.84879,3064.6992,770.37878,1835.5614,222.06982,72.059319,5.0834374,6.2193475,6.4049759,7.5486064,4.8740425,8.0277042,5.4029918,6.6468825,7.5151057,4.2774897
111,1962,3,15.5389,1.21289,2.97,1.30928,42.537,376.598,154.152,146.3,354.9,2.84667,,,,4.5,3.99,3.49667,5.6294,,4.38501,13.6723,,27.2508,5.16667,29,98,116.8,6.2,365.1,25.1,590,19.0753,1962q3,152.02907,513.75342,612.31018,32.502766,1913.9935,131.58377,3093.0051,766.96039,1860.5212,222.99518,71.675415,5.0240717,6.2417436,6.4172392,7.5569472,4.8796439,8.0368986,5.4071503,6.6424351,7.5286121,4.2721477
111,1962,4,15.5732,1.30698,2.97,1.28017,42.957,393.087,155.764,147.8,362.7,2.92333,,,,4.5,3.90333,3.36667,5.87128,,4.51977,13.8736,,27.4803,5.03333,28.4,99.40000000000001,116.3,3.4,371.4,25.6,593.3,19.135,1962q4,148.41913,519.46692,607.7868,17.768488,1940.9459,133.78625,3100.6011,772.40656,1895.4795,224.49438,72.503792,5.0000401,6.2528033,6.4098244,7.570931,4.8962436,8.0393515,5.4138508,6.6495109,7.5472269,4.283639
111,1963,1,15.5977,1.27267,2.97,.923431,43.289,394.912,157.884,149.2,370.7,2.96667,,,3.631,4.5,3.89333,3.4,6.4042,,4.96583,13.9743,,27.987,6.6,29.1,100.2,116.6,6.9,375,25.2,602.5,19.1812,1963q1,151.71104,522.38647,607.8869,35.972725,1955.0393,131.37865,3141.0964,777.84497,1932.6216,225.68452,72.854149,5.0219779,6.2584076,6.4099889,7.5781655,4.8780837,8.0523272,5.419138,6.656527,7.5666327,4.2884593
111,1963,2,15.632,1.0453,2.97,.9885310000000001,43.78,404.281,160.424,150.4,378.4,2.96333,,,3.86067,4.5,3.96333,3.55,6.78539,,5.29814,14.0951,,28.7259,5.76667,32.4,100.6,120.1,4.8,379.1,25.9,611.2000000000001,19.2177,1963q2,168.59457,523.47577,624.9447,24.976974,1972.6606,134.77159,3180.4014,782.61188,1969.0182,227.81082,73.344368,5.1274967,6.2604909,6.4376631,7.5871387,4.9035816,8.0647631,5.4285154,6.6626368,7.5852904,4.2951655
111,1963,3,15.7447,1.3245,2.97,.938692,44.339,414.603,160.074,152,386,3.33,,,4.07733,4.5,4.03333,3.78333,6.80536,,5.39788,14.0951,,28.919,5.2,30.6,104.1,124.2,5.7,386.1,26.7,623.9,19.2544,1963q3,158.92471,540.65564,645.04736,29.603622,2005.256,138.6696,3240.2983,789.42993,2004.7366,230.27983,73.204567,5.0684304,6.2927828,6.4693236,7.6035271,4.9320941,8.0834208,5.4392953,6.6713109,7.6032681,4.2932577
111,1963,4,15.7888,1.38452,2.97,1.39927,45.003,431.819,162.47,153.3,393.2,3.45333,,,4.24867,4.5,4.12,3.94333,7.11279,,5.60678,14.3166,,29.406,5.1,32.2,106,126.2,5.1,390.7,26.8,633.5,19.4028,1963q4,165.95543,546.31293,650.42157,26.284866,2013.627,138.12439,3264.9927,790.09216,2026.5116,231.94075,73.786255,5.1117191,6.3031921,6.4776206,7.6076927,4.9281545,8.091013,5.4464822,6.6721497,7.6140714,4.3011723
111,1964,1,15.828,1.47659,2.97,1.45148,45.371,432.682,164.025,154.5,399.8,3.46333,,,4.11367,4.5,4.18,4.05333,7.52865,,5.95189,14.3972,,29.8091,6.16667,34.2,107.1,129.7,5.1,400.4,27,649.6,19.4596,1964q1,175.74873,550.37103,666.50909,26.208143,2057.5962,138.74899,3338.198,793.95258,2054.5129,233.15485,73.985077,5.1690555,6.3105927,6.5020537,7.6292939,4.9326663,8.1131868,5.4517026,6.6770239,7.6277943,4.3038635
111,1964,2,15.8574,1.44201,2.97,1.54026,45.959,443.349,165.834,155.6,407.1,3.49,,,4.26667,4.5,4.2,4.06667,7.77957,,6.17867,14.518,,30.5088,5.33333,34.8,108.2,130.7,4.5,408.4,27.7,658.9,19.5137,1964q2,178.33624,554.48224,669.78583,23.060722,2092.8887,141.95155,3376.6021,797.38849,2086.2266,235.52171,74.39901,5.183671,6.3180346,6.506958,7.6463003,4.9554858,8.1246252,5.461803,6.6813421,7.6431122,4.3094425
111,1964,3,15.926,1.15157,2.92,1.74792,46.714,454.82,169.715,158.7,416.9,3.45667,,,4.27133,4.5,4.19333,3.95667,8.036820000000001,,6.35545,14.5784,,30.9987,4.73333,34.8,109.6,132.6,4.7,417.3,28.4,670.5,19.5909,1964q3,177.6335,559.44342,676.84485,23.99073,2130.0706,144.96527,3422.5073,810.07001,2128.0288,238.44745,74.414139,5.1797223,6.3269424,6.5174422,7.6639104,4.9764943,8.1381283,5.4741488,6.6971207,7.6629515,4.3096461
111,1964,4,15.975,1.17939,2.92,1.45628,47.161,473.935,170.69,160.3,424.7,3.57667,,,4.57533,4.5,4.17333,4.04667,8.286289999999999,,6.49214,14.6388,,31.4661,4.53333,36.2,109.3,134.5,5,419.8,29.3,675.6,19.6853,1964q4,183.89357,555.23663,683.25098,25.399664,2132.5557,148.84203,3432.0024,814.31323,2157.4475,239.57471,74.36412,5.2143574,6.3193946,6.5268621,7.6650763,5.0028853,8.1408987,5.4788651,6.7023449,7.676681,4.3089738
111,1965,1,16.0066,1.12865,2.92,1.67225,47.584,476.551,172.442,161.5,433.2,3.97333,,,4.588,4.5,4.20333,4.08,8.471830000000001,,6.62762,14.9006,,32.6557,5.43333,33.1,110.6,138.3,11.5,430.5,28.5,695.7000000000001,19.785,1965q1,167.29846,559.00934,699.0144,58.124844,2175.8909,144.04852,3516.3003,816.27496,2189.5376,240.50543,75.312607,5.1197796,6.3261662,6.5496712,7.6851935,4.97015,8.1651649,5.4827428,6.7047515,7.6914458,4.3216476
111,1965,2,16.1206,1.65984,2.92,1.81623,48.061,488.684,174.316,162.2,440.1,4.07667,,,4.90333,4.5,4.20667,4.10333,8.574630000000001,,6.71287,15.0013,,33.4114,4.76667,39.1,112.6,142.1,8.6,437.5,31.7,708.1,19.8681,1965q2,196.79788,566.73761,715.21686,43.285469,2202.0222,159.55225,3564.0046,816.38403,2215.1086,241.90033,75.504456,5.2821774,6.3398962,6.5725856,7.6971316,5.0723715,8.1786404,5.4885259,6.704885,7.7030568,4.3241916
111,1965,3,16.1947,1.68706,2.92,1.79882,48.712,500.855,174.345,164.9,449.5,4.07333,,,4.59967,4.5,4.24667,4.16333,8.479950000000001,,6.67834,15.0214,,34.1139,4.16667,36.9,117.5,146.9,9.300000000000001,446.6,32,725.2000000000001,19.9433,1965q3,185.02455,589.17029,736.58826,46.632202,2239.3486,160.4549,3636.3088,826.84412,2253.8899,244.25246,75.320534,5.2204885,6.378715,6.6020288,7.7139401,5.0780129,8.1987247,5.4982023,6.7176161,7.7204127,4.321753
111,1965,4,16.263,1.80318,2.92,1.96689,49.62,522.383,177.009,167.8,459.2,4.16667,,,5.138,4.64,4.47333,4.52333,9.017099999999999,,7.0732,15.2832,,34.8025,3.73333,39.5,122.8,150.9,7.6,460.6,33.9,747.5,20.0725,1965q4,196.78665,611.78229,751.77484,37.862747,2294.6819,168.88779,3724.0005,835.9696,2287.707,247.20389,76.139992,5.2821202,6.4163766,6.622437,7.7383494,5.1292343,8.2225542,5.5102134,6.7285924,7.7353053,4.3325734
111,1966,1,16.3941,2.42079,2.92,2.10936,50.171,523.491,179.067,170.5,467.2,4.55667,,,5.40867,5.11667,4.77,4.96333,9.131589999999999,,7.09325,15.4442,,35.7989,4.2,39.4,124.9,156.6,13.9,471,35,770.8,20.2023,1966q1,195.0273,618.24646,775.15924,68.804047,2331.4177,173.2476,3815.4072,843.96332,2312.6079,248.34302,76.447731,5.2731395,6.426887,6.6530685,7.7542319,5.1547217,8.2468023,5.514811,6.7381091,7.7461309,4.3366075
111,1966,2,16.5594,2.72181,2.92,2.54128,50.754,533.12,183.466,171.6,471.2,4.91333,,,5.77467,5.50667,4.78,4.98,8.605280000000001,,6.83846,15.6053,,36.5462,3.96667,41.5,129.7,156.6,12.3,476.1,36.2,779.9,20.373,1966q2,203.70097,636.62689,768.66443,60.374023,2336.9165,177.68616,3828.1057,842.29126,2312.865,249.12384,76.597946,5.3166533,6.4561839,6.6446543,7.7565875,5.1800189,8.2501249,5.5179501,6.7361259,7.7462425,4.3385701
111,1966,3,16.7189,3.23716,2.93667,3.20412,51.154,540.508,178.381,172,475.4,5.41,,,6.516,5.87667,5.14,5.57667,7.85346,,6.31439,15.6859,,37.1116,3.6,40.4,135.2,158.5,11.9,485.3,38.2,793.1,20.5824,1966q3,196.28421,656.87189,770.07538,57.816387,2357.8396,185.59546,3853.2922,835.66541,2309.7405,248.53273,76.210258,5.2795634,6.4874892,6.6464882,7.765501,5.2235694,8.2566833,5.5155745,6.7282281,7.7448902,4.3334961
111,1966,4,16.8443,3.57393,2.97,3.48635,51.565,553.832,179.915,172,480.2,5.56333,,,6.78133,6,5.00333,5.4,7.53885,,6.14896,16.0081,,37.4671,3.36667,42.4,137.6,158.2,16.5,491.1,38.8,806.9,20.7723,1966q4,204.11798,662.42065,761.59119,79.432709,2364.2063,186.78722,3884.5,828.02576,2311.7324,248.23924,77.064651,5.3186979,6.4959006,6.6354098,7.7681975,5.22997,8.2647495,5.5143929,6.7190442,7.7457523,4.3446445
111,1967,1,16.8785,2.95447,2.99,3.30075,52.494,557.915,183.115,174.8,489.7,4.82333,,,5.632,5.80667,4.58333,4.65,8.026389999999999,,6.74016,16.1087,,37.2628,4.1,44,145.1,157.3,15.4,495.4,39.4,817.8,20.8692,1967q1,210.83702,695.28302,753.74237,73.792961,2373.8333,188.79497,3918.6936,837.59796,2346.5203,251.53815,77.188873,5.3510852,6.5443192,6.6250505,7.7722611,5.2406616,8.2735138,5.5275946,6.7305384,7.7606888,4.3462553
111,1967,2,16.9924,2.61528,3,2.97526,52.867,572.21,184.101,177,502,3.99,,,5.05333,5.5,4.82,4.62667,8.295859999999999,,7.14227,16.2497,,37.1088,3.76667,43.5,147.5,159.4,6.3,504.6,39,822.3,20.9792,1967q2,207.34824,703.07733,759.80017,30.029743,2405.2395,185.89841,3919.5964,843.69281,2392.8462,251.99722,77.456245,5.3343997,6.5554667,6.6330557,7.7854047,5.2252002,8.2737436,5.529418,6.7377887,7.7802386,4.3497133
111,1967,3,17.1748,2.72665,3.04667,2.93079,53.67,585.56,189.982,180.7,514.7000000000001,3.89333,,,5.15867,5.5,5.24667,5.23333,8.609870000000001,,7.3973,16.3705,,37.3635,3.83333,42.4,150.6,162.3,9.300000000000001,511.8,39.5,837,21.1856,1967q3,200.13594,710.86023,766.08643,43.897743,2415.7917,186.4474,3950.7969,852.93787,2429.4805,253.33246,77.271828,5.2989969,6.5664759,6.641295,7.7897825,5.2281494,8.2816725,5.5347028,6.7486868,7.7954326,4.3473296
111,1967,4,17.3172,2.80785,3.07,3.11444,54.579,608.437,193.078,183.3,524.8,4.17333,,,6.003,5.72667,5.64333,5.64667,8.40682,,7.46251,16.6524,,38.3628,3.66667,43.9,155.1,167.8,8.4,519.4,41.7,852.7000000000001,21.4192,1967q4,204.9563,724.1167,783.4093,39.217152,2424.9272,194.68513,3981.0078,855.77423,2450.1382,254.81343,77.745201,5.3227968,6.5849524,6.6636553,7.7935567,5.2713838,8.2892904,5.5405316,6.7520065,7.8038998,4.3534369
111,1968,1,17.4996,3.67995,3.07,3.7605,55.436,610.237,195.465,185.5,533.2000000000001,4.78667,,,5.905,6,5.61,5.64667,8.111520000000001,,7.20168,17.0954,,38.9114,4,45.5,161,172,8.4,537.3,44.4,879.8,21.654,1968q1,210.12285,743.5116,794.31055,38.791908,2481.2969,205.04295,4062.9907,856.65466,2462.3625,256.00812,78.947998,5.3476925,6.6113844,6.6774745,7.8165364,5.3232193,8.3096743,5.5452089,6.7530351,7.8088765,4.3687892
111,1968,2,17.699,4.15828,3.07,4.29599,56.323,627.031,198.729,189.4,542.6,5.98,,,6.622,6.4,5.74333,5.89333,8.54979,,7.75473,17.337,,39.4348,3.53333,47.4,163.6,173.4,14.1,551.1,45.4,904.1,21.8804,1968q2,216.63223,747.70111,792.49011,64.441238,2518.6926,207.49164,4132.0088,865.61487,2479.845,257.41302,79.235298,5.378201,6.6170034,6.67518,7.8314953,5.3350911,8.326519,5.5506821,6.7634401,7.8159513,4.3724217
111,1968,3,17.9156,4.31321,3.07,4.30189,57.16,640.432,203.993,192.7,553.6,5.94333,,,6.11933,6.48333,5.46,5.45,8.57011,,7.88514,17.4578,,39.7399,3.6,49.5,167.1,175.8,7.7,567.3,48.2,919.3,22.097,1968q3,224.01231,756.21124,795.58313,34.846359,2567.3169,218.12915,4160.2935,872.06409,2505.3174,258.67764,79.005295,5.4117012,6.6283207,6.6790752,7.8506165,5.3850875,8.3333406,5.5555825,6.7708631,7.8261709,4.3695149
111,1968,4,18.1321,4.7055,3.07,4.60801,58.357,667.91,208.76,197.4,566.8,5.91667,,,6.80033,6.36667,5.77,5.75,9.126760000000001,,8.31019,17.9008,,40.3472,3.2,49.2,170.9,181.9,6,576.2000000000001,48.2,936.2000000000001,22.4062,1968q4,219.58208,762.73529,811.82886,26.778303,2571.6096,215.11903,4178.3076,881.00616,2529.657,260.45023,79.892174,5.391726,6.6369109,6.6992893,7.8522873,5.3711915,8.3376617,5.5624118,6.7810645,7.8358388,4.3806777
111,1969,1,18.3372,4.78671,3.13,4.55756,58.999,663.875,209.305,200,574.4,6.56667,,,7.98267,7.06333,6.17667,6.30667,8.794359999999999,,7.95518,18.1425,,41.131,3.63333,44,171.2,189.5,11.5,588.4,43.8,960.9,22.6408,1969q1,194.33942,756.15704,836.98456,50.793259,2598.8481,193.45605,4244.1079,883.36102,2537.0129,260.58707,80.131889,5.2696061,6.6282492,6.7298055,7.8628235,5.2650504,8.3532867,5.5629373,6.7837338,7.8387427,4.3836737
111,1969,2,18.6563,5.40889,3.35,4.80585,59.794,682.106,213.156,201.3,578.5,8.32667,,,9.663,7.74333,6.35333,6.53,8.781879999999999,,8.061439999999999,18.364,,41.3101,3.4,53.9,176,189.8,9.199999999999999,599.8,52.7,976.1,22.932,1969q2,235.04274,767.48651,827.66443,40.11861,2615.5591,229.80988,4256.4976,877.81268,2522.6758,260.74481,80.080238,5.4597673,6.6431208,6.7186079,7.8692331,5.4372525,8.3562021,5.5635424,6.7774334,7.8330755,4.383029
111,1969,3,18.9242,5.62977,3.35,5.26134,60.357,682.643,213.64,202.1,582.1,8.983330000000001,,,10.901,8.5,6.85667,7.45667,7.8886,,7.51322,18.666,,41.8083,3.66667,53.3,181.3,193.7,10.2,610.1,52.4,996.3,23.2596,1969q3,229.15269,779.46307,832.77441,43.852859,2623.0029,225.28333,4283.3926,868.88855,2502.6226,259.49286,80.250732,5.4343886,6.6586051,6.7247629,7.8720751,5.4173589,8.3625002,5.5587292,6.7672148,7.8250947,4.3851557
111,1969,4,19.1863,5.81395,3.35,5.15624,61.569,704.545,215.909,203.9,587.9,8.94,,,10.499,8.5,7.29667,7.77333,7.78314,,7.52288,19.0083,,41.5424,3.33333,56.5,184.2,189,5.8,622.1,53.1,1004.5,23.5616,1969q4,239.79695,781.78052,802.15265,24.616325,2640.313,225.3667,4263.293,865.39117,2495.1616,261.31079,80.674911,5.4797926,6.6615739,6.6872988,7.8786526,5.4177289,8.3577967,5.5657105,6.7631817,7.8221087,4.3904276
111,1970,1,19.4712,6.18397,3.35,5.53785,62.205,694.784,219.02,205.7,587.3,8.57333,,,9.41967,8.463329999999999,7.36667,7.72667,7.32156,,7.05388,19.1895,,40.5376,4.5,56.9,187,191.6,1.8,633.2000000000001,53.5,1017.1,23.8947,1970q1,238.12813,782.60034,801.85144,7.5330515,2649.96,223.89902,4256.5923,860.86035,2457.8672,260.32968,80.308601,5.4728088,6.662622,6.6869235,7.8822999,5.4111953,8.3562241,5.5619488,6.7579322,7.8070493,4.3858767
111,1970,2,19.7846,6.04765,3.35,5.64597,63.189,710.29,221.905,207.6,595.2000000000001,7.88,,,8.868,8,7.71333,7.72333,6.83535,,6.28227,19.4312,,40.3137,4.66667,60.6,187.9,191.3,5.1,643.1,55.2,1033.1,24.2267,1970q2,250.13725,775.59058,789.62469,21.051155,2654.5093,227.84779,4264.3032,856.90582,2456.7935,260.82379,80.205727,5.5220098,6.6536245,6.6715579,7.8840151,5.428678,8.3580341,5.5638452,6.7533278,7.8066125,4.3845949
111,1970,3,20.0068,5.72117,3.31,4.97693,64.087,729.597,226.377,211.8,611.2000000000001,6.70333,,,8.30233,7.94333,7.46,7.37667,6.96568,,6.25643,19.7131,,40.1709,5.16667,60.3,191.4,195.1,5.1,655.1,56.4,1050.5,24.4172,1970q3,246.95706,783.87366,799.02692,20.886915,2682.9448,230.98471,4302.2949,867.42133,2503.1536,262.46661,80.734482,5.5092144,6.664248,6.6833944,7.8946705,5.4423513,8.3669043,5.5701237,6.7655249,7.8253064,4.3911657
111,1970,4,20.269,5.64301,3.39333,4.96336,65.01300000000001,757.947,228.916,214.4,626.5,5.56667,,,7.46133,7.23333,6.85333,6.32,7.44082,,6.86237,19.854,,39.3032,5.4,61.1,194,197.7,-4,661.8,57.9,1052.7,24.731,1970q4,247.05835,784.44055,799.40155,-16.174032,2675.9937,234.11913,4256.6011,866.92816,2533.2578,262.88058,80.279808,5.5096245,6.6649709,6.6838632,7.892076,5.4558301,8.356226,5.5717001,6.764956,7.8372612,4.3855181
111,1971,1,20.4228,4.88733,3.56,5.06602,66.378,771.0220000000001,231.081,218.8,649.9,3.85667,,,5.54333,5.87,6.01667,5.06,8.311540000000001,,7.68952,20.4581,,40.0589,6.5,63.1,199.9,200.6,12.3,680.8,58.7,1098.1,25.1052,1971q1,251.34235,796.24939,799.03766,48.993835,2711.7888,233.8161,4373.9941,871.53259,2588.7068,264.39941,81.489494,5.5268159,6.6799126,6.6834083,7.9053636,5.454535,8.3834314,5.5774608,6.7702532,7.8589139,4.4004741
111,1971,2,20.6565,4.40668,3.56,4.98412,67.678,796.151,239.575,223.5,673,4.56333,4.99667,,6.732,5.41333,6.24667,5.83667,8.71744,5.20398,8.124230000000001,20.74,,40.4228,5.83333,63.1,203.5,209.7,10.9,694.9,63.3,1118.8,25.4342,1971q2,248.09116,800.10382,824.48041,42.855682,2732.1479,248.8775,4398.8018,878.7381,2646.0435,266.09055,81.543747,5.5137963,6.6847415,6.7147532,7.9128432,5.5169606,8.3890877,5.5838366,6.7784867,7.8808208,4.4011397
111,1971,3,20.8616,4.27229,3.56,5.21571,68.75100000000001,813.079,242.238,226.5,692.5,5.47333,5.72333,,7.71267,5.97,6.48333,6.32667,8.420310000000001,5.16635,7.88031,20.9212,,40.546,5.96667,65.40000000000001,206.3,215.6,10.2,707.3,65.5,1139.1,25.6907,1971q3,254.56683,803.01434,839.21417,39.703083,2753.1362,254.95607,4433.9004,881.64197,2695.5278,267.61044,81.434914,5.5395632,6.6883726,6.7324657,7.920496,5.5410914,8.3970346,5.5895324,6.781786,7.8993492,4.3998041
111,1971,4,20.9756,3.48608,3.56,4.7094,69.108,847.2140000000001,244.068,228.3,710.3,4.75,4.96667,,6.33033,5.64,5.89,5.39333,8.10337,5.11045,7.70884,21.2635,,41.4892,5.53333,60.3,209,220.8,-.3,723.5,61.9,1151.4,25.8957,1971q4,232.85719,807.0838,852.65118,-1.1584935,2793.9001,239.03583,4446.2979,881.61353,2742.9265,266.87057,82.112091,5.4504251,6.6934276,6.7483506,7.935194,5.4766135,8.399827,5.5867639,6.781754,7.9167805,4.4080853
111,1972,1,21.1408,3.51563,3.56,4.74299,70.81999999999999,864.295,251.025,234.3,733.5,3.54,3.97667,,4.91733,4.89333,6.03333,5.31667,8.71678,5.82411,8.469580000000001,21.8273,,42.3485,6.33333,68.59999999999999,217.2,232.2,3.2,740.9,72.2,1190.1,26.2959,1972q1,260.87717,825.98425,883.0274,12.169197,2817.5496,274.5675,4525.8008,891.01343,2789.4082,269.31955,83.006477,5.5640497,6.7165756,6.7833562,7.9436231,5.6151972,8.4175501,5.5958986,6.7923594,7.9335847,4.4189186
111,1972,2,21.3118,3.17241,3.56,4.00611,71.81699999999999,895.1660000000001,252.194,236.6,749.7000000000001,4.3,4.53,,4.93367,5.00333,6.14333,5.69,9.006130000000001,6.24558,8.74973,22.1696,,43.1546,5.6,67.2,221,237.4,12,759.4,71.40000000000001,1225.6,26.4531,1972q2,254.0345,835.44086,897.43738,45.363304,2870.741,269.91165,4633.1055,894.41315,2834.0723,271.48804,83.80719,5.5374699,6.7279596,6.7995434,7.9623256,5.5980945,8.4409828,5.6039181,6.7961679,7.94947,4.4285188
111,1972,3,21.5055,3.08659,3.56,3.96256,72.984,920.425,260.579,243.2,778.3,4.74,4.88,,5.68767,5.34,6.29,5.87667,8.958819999999999,6.16284,8.85599,22.4314,,43.6584,5.6,71.5,220.5,239.7,13.7,777.9,74.09999999999999,1249.3,26.7087,1972q3,267.70303,825.57367,897.46039,51.294147,2912.5342,277.43768,4677.502,910.5647,2914.0317,273.25928,83.985367,5.5898781,6.7160783,6.7995691,7.976779,5.6255965,8.4505196,5.6104212,6.814065,7.977293,4.4306426
111,1972,4,21.6992,3.45015,3.56,4.49878,75.167,966.0220000000001,265.715,249.2,802.3,5.14333,5.26333,,5.937,5.75667,6.37333,6,9.37209,6.26273,9.220660000000001,22.9952,,45.1615,4.93333,76.09999999999999,224.2,255.1,7.5,802.7000000000001,79.2,1286.6,27.0607,1972q4,281.21964,828.50775,942.6955,27.715469,2966.2942,292.67535,4754.4966,920.89264,2964.8162,277.77182,84.976364,5.6391358,6.7196264,6.8487434,7.9950686,5.6790638,8.4668465,5.6268001,6.8253436,7.9945703,4.4423733
111,1973,1,22.0013,4.07008,3.56,4.1224,76.663,990.313,267.818,251.7,815.3,6.53667,6.23,,7.79033,6.10667,6.60333,6.57,9.348699999999999,5.99657,9.336589999999999,23.4181,,46.5694,5.43333,84,229.2,269.5,10.6,827.3,85.40000000000001,1335.1,27.3799,1973q1,306.7944,837.11041,984.29871,38.714531,3021.5596,311.90765,4876.2046,919.28754,2977.7319,279.99738,85.530258,5.7261777,6.7299562,6.8919296,8.0135288,5.7427073,8.4921227,5.6347804,6.8235989,7.9989171,4.4488702
111,1973,2,22.4856,5.50802,3.56,5.10971,77.842,1029.6,269.863,256.7,833.3,7.81667,7.46333,,8.97367,7.03667,6.80667,6.81667,8.723599999999999,5.0987,8.7135,23.7402,,46.8913,4.86667,91.90000000000001,233.3,274.5,18.2,842.9,89.5,1371.5,27.8048,1973q2,330.51846,839.06378,987.23962,65.456322,3031.491,321.88687,4932.6016,923.22186,2996.9646,279.95886,85.38166,5.8006625,6.7322869,6.8949127,8.0168095,5.7742,8.5036221,5.6346426,6.8278694,8.0053549,4.4471312
111,1973,3,22.9814,6.86275,4.06,6.12713,79.316,1062.01,271.986,257.9,839.3,10.56,9.94333,,10.7957,9.130000000000001,7.20667,7.56,8.52422,5.02962,8.54928,24.1228,,47.2467,4.8,97.59999999999999,235.5,277.7,9.800000000000001,861.4,91.09999999999999,1390.7,28.3452,1973q3,344.32639,830.82849,979.70734,34.573753,3038.9624,321.39481,4906.2979,909.85425,2960.9951,279.82162,85.103653,5.8415899,6.7224236,6.8872538,8.0192719,5.7726703,8.4982748,5.6341524,6.8132844,7.9932809,4.4438701
111,1973,4,23.517,8.3771,4.31,6.82344,81.07299999999999,1098.77,281.289,262.9,855.5,9.99667,9.17667,,10.1127,9.813330000000001,6.75333,6.87333,8.44003,4.83461,8.3126,24.6262,,47.8513,4.46667,107.6,241.3,280.1,25,876.5,98.7,1431.8,28.9071,1973q4,372.2269,834.74304,968.96613,86.48394,3032.127,341.4386,4953.1084,909.46515,2959.4805,280.46051,85.190834,5.9195037,6.7271237,6.8762298,8.0170193,5.833168,8.5077705,5.6364331,6.8128567,7.9927692,4.4448938
111,1974,1,24.178,9.89381,10.11,7.60688,82.83499999999999,1118.74,290.538,266.7,870.1,9.32333,8.5,,8.729329999999999,9.26333,7.05333,7.02333,8.098409999999999,4.46841,7.73541,24.9484,,47.4986,5.6,116.7,250,283,12.5,894.7000000000001,110.3,1446.5,29.4627,1974q1,396.09406,848.53052,960.53656,42.426525,3036.7209,374.37167,4909.5977,905.21234,2953.2256,281.1521,84.677917,5.9816518,6.743506,6.8674922,8.0185337,5.9252491,8.4989471,5.638896,6.8081694,7.990653,4.4388547
111,1974,2,24.8618,10.5677,10.11,8.48977,84.895,1157.41,282.441,268.5,877.8,11.25,10.6367,,11.3747,10.9367,7.54333,8.15667,7.93057,4.03345,7.40213,25.5525,,47.6218,5.06667,126.7,255.5,291.4,17.4,923.2000000000001,129.4,1484.8,30.1654,1974q2,420.01764,846.99689,966.00739,57.68198,3060.46,428.96829,4922.1958,890.09265,2909.9565,281.4317,84.707977,6.0402966,6.7416968,6.8731713,8.0263205,6.0613828,8.5015097,5.6398897,6.7913256,7.9758935,4.4392099
111,1974,3,25.6197,11.4803,10.11,9.577019999999999,86.377,1173.79,284.599,271,887.9,12.09,11.6933,,13.073,11.99,7.96,8.49333,6.83747,3.13875,6.17263,26.3781,,47.3111,5.56667,126.6,265.3,297.8,5.6,952,133.6,1513.7,31.0598,1974q3,407.60083,854.15875,958.79559,18.029736,3065.0552,430.138,4873.502,872.51044,2858.679,278.09903,84.926819,6.0102882,6.7501173,6.8656778,8.0278206,6.064106,8.4915676,5.6279774,6.7713747,7.9581151,4.4417901
111,1974,4,26.3662,12.1153,11.16,10.6582,87.535,1200.36,286.07,274.2,902.1,9.34667,9.22667,7.36667,10.4417,11.0033,7.67,7.61667,5.93253,2.9169,5.61596,27.2238,,45.3966,6.13333,136.6,276.1,294.4,20.4,961.8,136.6,1552.8,31.9881,1974q4,427.03381,863.13348,920.34222,63.773716,3006.7432,427.03381,4854.3052,857.19379,2820.1113,273.64865,85.106026,6.0568633,6.7605696,6.8247457,8.0086126,6.0568633,8.4876213,5.611845,6.753664,7.9445314,4.4438977
111,1975,1,26.8448,11.0299,11.16,11.0825,88.916,1194.87,288.049,276.4,925,6.30333,6.60333,5.74333,7.554,8.98,7.54,6.89667,6.79152,3.36028,6.36825,27.707,114.5,42.5472,9.06667,141.4,283.6,291.3,-10,988.1,124.9,1569.4,32.7279,1975q1,432.04727,866.53894,890.06628,-30.55497,3019.1365,381.63156,4795.2969,844.53937,2826.3347,271.68256,84.658653,6.0685349,6.7645068,6.791296,8.0127258,5.9444556,8.4753904,5.6046343,6.7387915,7.9467359,4.4386272
111,1975,2,27.2665,9.67224,11.16,10.1155,90.81699999999999,1226.52,297.158,282.4,963,5.42,5.82667,5.4,6.444,7.32333,8.050000000000001,7.44,7.81591,3.86623,7.2565,28.0493,116.4,41.9203,8.66667,136.8,291.7,288.8,-14,1016.8,115.2,1605,33.2167,1975q2,411.84103,878.17273,869.4422,-42.147472,3061.1108,346.81351,4831.9067,850.17474,2899.144,273.40765,84.443367,6.0206375,6.7778435,6.7678518,8.0265331,5.8487873,8.482996,5.6109638,6.7454419,7.9721708,4.4360809
111,1975,3,27.8477,8.696619999999999,11.16,8.93399,92.119,1241.03,298.416,285.7,991.5,6.16,6.56667,6.33,7.239,7.56333,8.296670000000001,8.05667,7.86929,3.81033,7.12367,28.6131,118.9,42.9055,8.33333,134.1,298.1,303.2,-1.4,1050.6,122.1,1662.4,33.8347,1975q3,396.33868,881.04816,896.12146,-4.137764,3105.0962,360.87213,4913.2988,844.39941,2930.4236,272.2619,84.567322,5.9822693,6.7811122,6.7980762,8.0408001,5.8885236,8.4997005,5.6067643,6.7386255,7.9829021,4.4375482
111,1975,4,28.2922,7.30495,11.16,7.64288,93.887,1284.36,305.635,287.1,1016.2,5.41333,6.00333,5.63,6.57133,7.58333,8.063330000000001,7.56667,7.95614,3.67169,7.23308,29.2575,120.7,43.7116,7.8,142.5,305,315.1,.3,1079.6,128.7,1713.9,34.4329,1975q4,413.84839,885.78076,915.11316,.87125975,3135.3735,373.77045,4977.5068,833.79559,2951.2473,272.66653,84.969604,6.0254998,6.7864695,6.8190479,8.0505037,5.9236417,8.5126848,5.6082497,6.7259884,7.9899831,4.4422936
111,1976,1,28.5657,6.41053,11.7633,6.35155,95.786,1296.53,308.036,292.7,1050,4.82667,5.17667,4.92667,5.45733,6.83333,7.75333,7.06,9.13185,4.17526,8.09525,29.8616,120.4,45.1503,8.533329999999999,143.6,308.6,330.5,14.7,1113.4,138.9,1771.9,34.8066,1976q1,412.56543,886.61346,949.53253,42.233368,3198.8186,399.06226,5090.7012,840.9325,3016.6692,275.19495,85.792923,6.0223947,6.7874093,6.8559699,8.0705366,5.9891176,8.5351706,5.6174798,6.7345114,8.0119085,4.4519367
111,1976,2,28.919,6.06061,12.17,5.9018,97.732,1332.16,313.518,296.2,1077.6,5.19667,5.45,5.15667,5.90833,6.9,7.77,7.14,9.37623,4.25911,8.283620000000001,30.3448,120.4,45.7801,7.4,146.6,314.3,334.9,22.4,1133,147.1,1804.2,35.1771,1976q2,416.74838,893.479,952.03979,63.677792,3220.8455,418.16977,5128.9048,842.02509,3063.3564,277.82846,86.262939,6.0324826,6.7951226,6.8586068,8.0773993,6.0358877,8.5426474,5.6270037,6.7358098,8.0272665,4.4573998
111,1976,3,29.3806,5.5044,12.7467,5.38032,99.446,1358.98,316.907,299.6,1110.8,5.28333,5.40667,5.28,5.66867,7.08667,7.73,6.88,9.383430000000001,4.34692,8.472,31.11,120.8,46.3007,7.6,151.8,317.5,340.9,20.8,1162.4,155.8,1837.7,35.6551,1976q3,425.74554,890.47571,956.10443,58.336674,3260.1226,436.96414,5154.1016,840.27252,3115.4028,278.91101,87.252594,6.0538421,6.7917557,6.8628674,8.0895205,6.0798512,8.5475483,5.6308928,6.7337265,8.0441141,4.4688072
111,1976,4,29.7111,5.01511,13.9,5.42147,101.515,1420.46,316.943,306.2,1152,4.87333,4.91333,4.59667,5.243,6.54,7.19,6.00333,9.08065,4.34454,8.29087,31.7946,120.9,47.1683,7.33333,156.1,326,358.4,10.5,1196.2,162.7,1884.5,36.2997,1976q4,430.0311,898.07904,987.336,28.925859,3295.344,448.21307,5191.5029,843.53314,3173.5798,279.65796,87.589157,6.0638576,6.8002582,6.8950105,8.1002655,6.105269,8.5547781,5.6335673,6.7375994,8.0626154,4.4726572
111,1977,1,30.2354,5.8448,13.9,6.0464,103.337,1447.87,333.584,313.9,1188.5,4.66,4.74333,4.63333,5.09633,6.25,7.35333,6.37667,9.03359,4.58449,8.191850000000001,32.4792,120.6,48.19,8.233330000000001,155.4,334.5,378.7,14.8,1231.7,176.4,1938.5,36.9112,1977q1,421.01044,906.229,1025.9758,40.09623,3336.9275,477.90372,5251.7935,850.41937,3219.8899,279.96109,87.992805,6.0426579,6.8092918,6.9333997,8.1128054,6.1694093,8.5663252,5.6346507,6.7457294,8.0771027,4.4772549
111,1977,2,30.885,6.79803,13.9,6.4262,105.186,1494.38,333.735,318.8,1217.8,5.15667,5.14333,4.89,5.67733,6.47,7.37,6.41667,8.76014,4.60228,7.93344,33.1236,119.4,49.6286,6.93333,161.9,342.7,404.5,19.5,1259.7,183,2005.2,37.4377,1977q2,432.45178,915.38745,1080.4617,52.086533,3364.79,488.81207,5356.0981,851.54803,3252.8708,280.96277,88.476585,6.0694709,6.8193474,6.9851437,8.1211205,6.191978,8.5859909,5.6382222,6.747056,8.0872936,4.482738
111,1977,3,31.3351,6.65244,14.2167,6.28223,107.923,1542.35,341.527,324.5,1246.2,5.82,5.74,5.5,6.313,6.90333,7.35667,6.71333,8.323549999999999,4.80126,7.81269,33.8485,118.5,50.1996,6.8,162.3,349.7,415.1,30.9,1290.9,182.9,2066,37.895,1977q3,428.2887,922.81305,1095.3951,81.5411,3406.5181,482.64941,5451.9067,856.31348,3288.5605,284.79483,89.321808,6.0597973,6.8274264,6.9988704,8.1334457,6.1792908,8.6037207,5.6517692,6.7526364,8.0982056,4.4922457
111,1977,4,31.6827,6.63598,14.85,6.68013,110.324,1601.67,349.915,330.9,1270.3,6.51333,6.55333,6.14,7.10333,7.67333,7.59667,7.23667,7.80985,4.82206,7.48666,34.674,115.7,50.5159,6.3,157.8,359.3,427.8,24.1,1329.1,187.4,2110.8,38.7246,1977q4,407.49292,927.83398,1104.7241,62.234341,3432.1853,483.93011,5450.7988,854.49561,3280.3438,284.89383,89.539986,6.0100236,6.8328528,7.0073509,8.1409521,6.1819406,8.6035175,5.6521168,6.7505112,8.0957031,4.4946852
111,1978,1,32.2184,6.55861,14.85,6.45334,112.778,1631,356.585,337,1292.2,6.75667,6.75333,6.39333,7.392,7.97667,8.01,7.66,7.27184,4.87891,7.12295,35.4191,127.175,50.432,6.86667,164.6,365.5,437.8,25.5,1359.1,203.3,2149.1,39.2932,1978q1,418.90201,930.1864,1114.1877,64.896729,3458.8682,517.39233,5469.394,857.65479,3288.6096,287.01657,90.140533,6.0376372,6.8353848,7.0158811,8.1486969,6.2488012,8.6069231,5.6595402,6.7542019,8.0982199,4.50137
111,1978,2,33.056,7.02952,14.85,6.88462,115.376,1690.76,367.409,346.9,1318.5,7.28333,7.15667,6.49,7.96133,8.300000000000001,8.32,8.07333,7.81683,5.58765,7.67503,35.9627,126.103,52.3968,5.83333,186.2,372.7,483.7,24.3,1416.7,208.8,2274.7,40.0151,1978q2,465.32434,931.39838,1208.7937,60.727074,3540.4136,521.80304,5684.604,866.92273,3295.0061,288.33115,89.872826,6.1427345,6.8366871,7.0973783,8.171999,6.2572904,8.6455164,5.6641097,6.7649498,8.1001635,4.4983954
111,1978,3,33.8367,7.98327,14.85,7.35124,118.112,1740.25,371.275,352.2,1345,8.1,8.02333,7.3,8.82067,9.140000000000001,8.49,8.42667,8.211230000000001,6.19158,8.1508,36.7682,120.977,52.8643,6,191.3,379.3,507.1,25,1447.7,215.1,2335.2,40.6808,1978q3,470.2464,932.38086,1246.5339,61.454052,3558.6812,528.75067,5740.3003,865.76471,3306.228,290.33844,90.382195,6.1532569,6.8377414,7.1281223,8.177145,6.2705169,8.6552668,5.6710472,6.7636132,8.1035633,4.5040474
111,1978,4,34.5205,8.95683,14.8467,7.26814,120.445,1796.19,387.578,357.3,1366,9.58333,9.83,8.58,11.2107,10.81,8.82,8.99667,7.80558,5.70183,7.81752,37.9361,119.905,53.7319,5.56667,205.4,388.6,528.5,28.5,1487,221.8,2416,41.5391,1978q4,494.47388,935.50415,1272.2953,68.610054,3579.7598,533.95477,5816.207,860.15344,3288.468,289.95572,91.326248,6.2034945,6.8410854,7.1485777,8.1830511,6.2803111,8.6684036,5.6697283,6.7571106,8.098177,4.5144382
111,1979,1,35.3809,9.81606,15.8433,7.60621,122.065,1838.03,384.922,362.5,1387.8,10.0733,10.0333,9.4,11.004,11.75,9.106669999999999,9.390000000000001,7.93351,5.97656,8.02763,38.7415,119.666,54.0566,6.3,211.7,398.6,536.4,23.9,1522.6,229.8,2463.3,42.2819,1979q1,500.68704,942.72015,1268.6279,56.525368,3601.0681,543.495,5825.897,857.34082,3282.2556,288.69327,91.626678,6.215981,6.8487697,7.1456914,8.1889858,6.2980204,8.6700678,5.6653647,6.7538357,8.0962858,4.5177226
111,1979,2,36.5947,10.7051,20.4933,8.26923,124.635,1888.81,401.61,373.4,1423,10.18,9.85333,9.376670000000001,10.7353,11.7167,9.11333,9.26667,8.03027,6.35912,8.1677,39.2248,122.765,54.0454,5.56667,220.9,407.1,551,27.4,1563.2,243.1,2526.4,43.3241,1979q2,509.87787,939.66174,1271.8094,63.244244,3608.1533,561.11957,5831.3965,861.87598,3284.5459,287.68054,90.538063,6.2341714,6.84552,7.1481957,8.1909513,6.3299341,8.6710119,5.6618505,6.7591114,8.0969839,4.5057702
111,1979,3,37.8027,11.7211,28.8367,8.805680000000001,128.309,1951.96,415.994,379.3,1454.1,10.9467,10.64,9.67333,11.7813,12.1167,9.10333,9.25667,8.181900000000001,6.89953,8.539619999999999,39.9497,120.977,53.7711,5.83333,234.3,413.5,579.5,12.1,1617.7,257.3,2599.7,44.263,1979q3,529.336,934.18884,1309.2198,27.336601,3654.7456,581.29816,5873.3027,856.9234,3285.1365,289.87869,90.255295,6.2716236,6.8396788,7.1771865,8.2037821,6.3652639,8.6781721,5.6694627,6.7533484,8.0971632,4.5026422
111,1979,4,38.9082,12.7105,35.18,8.70453,131.143,2006.46,425.818,381.8,1473.7,13.5767,13.3467,11.8433,14.8223,15.08,10.4467,10.9467,7.87675,6.79773,8.546860000000001,40.8759,124.315,53.8551,5.63333,253.7,429.9,586.7000000000001,8.6,1661.2,280.5,2659.4,45.1549,1979q4,561.84381,952.05615,1299.3053,19.045551,3678.8921,621.19507,5889.5049,845.53394,3263.6548,290.42917,90.523727,6.331224,6.858624,7.1695852,8.2103672,6.4316449,8.6809273,5.6713595,6.7399683,8.0906029,4.5056119
111,1980,1,40.424,14.2535,37.8533,9.04143,133.607,2040.36,425.457,388.4,1499.8,15.0467,14.5433,13.36,16.2943,16.3967,11.9867,12.59,8.035019999999999,7.27129,9.039529999999999,41.6008,124.195,54.1518,6.76667,268.5,445,597,9.9,1708,304.3,2724.1,46.1048,1980q1,582.36884,965.19232,1294.876,21.472818,3704.6035,660.01807,5908.4956,842.42853,3253.0234,289.78979,90.230949,6.3671041,6.8723273,7.1661701,8.2173319,6.4922671,8.6841469,5.6691556,6.736289,8.0873404,4.5023723
111,1980,2,41.8827,14.4503,39.5,8.80067,135.679,2062.87,434.032,389.1,1529.2,12.6867,11.18,9.41667,12.9583,16.3233,10.4767,10.1233,7.85128,6.94606,8.819760000000001,42.4062,125.864,51.9042,7.2,277.4,462.9,562.6,7.8,1710,292.6,2728,47.1369,1980q2,588.4986,982.0332,1193.5448,16.547546,3627.7312,620.74512,5787.3979,825.46796,3244.1675,287.8403,89.963913,6.3775744,6.8896251,7.0846829,8.1963625,6.4309206,8.6634378,5.662406,6.7159505,8.0846138,4.4994087
111,1980,3,42.6748,12.8882,37.84,8.92888,139.22,2102.9,450.369,404.8,1574,9.83667,9.65,9.036670000000001,10.8763,11.61,10.9533,10.49,8.86009,8.482480000000001,10.1215,43.5741,120.024,51.0757,7.56667,284.7,469.6,575.2000000000001,-33.9,1768.7,279.2,2785.2,48.2152,1980q3,590.47772,973.96674,1192.9847,-70.309776,3668.3452,579.0705,5776.6016,839.56927,3264.5308,288.74713,90.374199,6.3809319,6.8813772,7.0842137,8.2074957,6.3614244,8.6615705,5.6655512,6.7328892,8.0908709,4.5039587
111,1980,4,43.7917,12.5513,36.3233,9.734260000000001,142.004,2175.84,445.448,408.5,1599.8,15.8533,15.2567,13.13,16.6347,16.7333,12.4233,12.99,9.05796,9.44642,11.0054,45.1447,126.222,52.9118,7.03333,292.5,486,608.5,-9.1,1836.6,299.2,2915.3,49.5504,1980q4,590.30804,980.81952,1228.0426,-18.365139,3706.5291,603.82965,5883.5044,824.41315,3228.6318,286.58496,91.10865,6.3806443,6.8883886,7.1131768,8.2178507,6.4032922,8.6799078,5.6580353,6.7146716,8.079814,4.5120525
111,1981,1,44.9484,11.1926,38,10.2021,143.029,2212.63,462.316,419,1636.6,16.57,15.3367,14.44,16.812,19.2133,12.96,13.39,9.148339999999999,9.484690000000001,10.8146,46.1314,128.725,53.0798,7.96667,305.5,502.5,631.9,38.8,1892.4,319.7,3051.4,50.8084,1981q1,601.2785,989.0097,1243.692,76.365326,3724.5811,629.22668,6005.6997,824.66681,3221.1208,281.50659,90.79483,6.3990583,6.8967042,7.1258397,8.2227097,6.4444914,8.7004642,5.6401558,6.7149796,8.0774851,4.5086021
111,1981,2,45.9912,9.809519999999999,36.67,9.82718,145.001,2264.76,462.986,425.2,1670.3,17.78,16.1467,15.2067,17.7027,18.93,13.75,14.4867,9.41962,10.3492,10.8701,47.1382,136.591,53.3121,7.26667,308.4,516.9,645.2000000000001,11.7,1924,322,3084.3,51.7691,1981q2,595.72217,998.47205,1246.3033,22.600355,3716.5027,621.99268,5957.8013,821.33936,3226.4421,280.0918,91.054703,6.3897743,6.9062262,7.1279373,8.2205381,6.4329281,8.6924572,5.6351175,6.7109365,8.0791349,4.5114603
111,1981,3,47.3076,10.8559,35,9.27012,146.941,2329.65,467.538,427,1706,17.5767,16.7733,15.7767,18.5007,20.3233,14.8467,15.79,8.62112,9.55551,10.2422,47.9638,143.981,53.8355,7.26667,302.3,523.1,654,44,1963.4,309.9,3177,52.6848,1981q3,573.78979,992.88599,1241.3447,83.515549,3726.6917,588.21521,6030.2021,810.48047,3238.1255,278.90588,91.039162,6.352263,6.9006157,7.1239505,8.2232761,6.3770928,8.7045355,5.6308742,6.6976271,8.0827503,4.5112896
111,1981,4,47.9857,9.5771,35,8.266360000000001,149.021,2394.04,466.952,436.7,1755.5,13.5867,13.0433,11.98,14.4607,17.0133,14.0867,14.09,8.19129,9.30794,9.882389999999999,48.8497,138.975,52.562,7.9,304.7,539.7000000000001,666.7000000000001,24.8,1978.2,319.4,3194.7,53.6465,1981q4,567.97742,1006.0302,1242.7651,46.22855,3687.4727,595.37903,5955.0947,814.03259,3272.3477,277.78326,91.058502,6.3420815,6.9137673,7.1250939,8.212697,6.3891983,8.6920023,5.6268411,6.7020006,8.0932627,4.5115023
111,1982,1,48.3788,7.63185,34.0167,7.01948,150.66,2409.05,477.683,442.7,1786.5,14.2267,13.8067,12.94,15.6763,16.27,14.2933,14.5,7.89713,8.632389999999999,9.21583,49.8163,143.862,51.5935,9.5,293.2,551.8,654.7000000000001,-21.5,2016.2,309.5,3184.9,54.3749,1982q1,539.21936,1014.8065,1204.0482,-39.540302,3707.9609,569.19647,5857.2983,814.16241,3285.5232,277.07639,91.616356,6.2901225,6.9224534,7.0934448,8.2182369,6.3442259,8.6754436,5.6242933,6.7021599,8.0972815,4.5176096
111,1982,2,49.1196,6.80213,31.9967,6.30312,153.861,2448.49,481.226,447.5,1826,14.5133,13.8133,12.5867,15.1843,16.5,13.93,14.1433,7.88816,8.55204,9.213419999999999,50.2592,150.298,50.9694,9.366669999999999,294.7,559,647.7000000000001,-4.2,2042.7,299.1,3240.9,55.0322,1982q2,535.50464,1015.7689,1176.9473,-7.6318955,3711.8269,543.5,5889.0977,813.16028,3318.0574,279.58359,91.326897,6.2832093,6.9234014,7.0706792,8.2192793,6.2980299,8.6808577,5.6333013,6.7009282,8.1071348,4.5144453
111,1982,3,50.0485,5.79378,32,5.94356,156.629,2476.42,489.541,456.9,1862.4,11.0067,11.15,9.64667,12.71,14.7167,13.1133,12.8833,8.11487,8.291119999999999,9.22308,50.8029,156.019,50.1745,9.699999999999999,279.6,572.4,635.2000000000001,5.8,2090.7,309.3,3274.4,55.8162,1982q3,500.92984,1025.5087,1138.0209,10.391249,3745.6868,554.1402,5866.397,818.57953,3336.6658,280.61566,91.018196,6.216466,6.9329438,7.037046,8.2283602,6.3174176,8.6769962,5.6369858,6.7075706,8.1127272,4.5110593
111,1982,4,50.151,4.51253,32.6667,5.17264,160.127,2538.83,504.563,474.8,1909.3,9.286670000000001,8.800000000000001,7.90667,9.57767,11.9567,10.6667,10.16,9.63739,10.5423,11.0609,51.1654,156.853,49.178,10.2667,265.3,589.4,640.2000000000001,-39.8,2152.4,294.9,3312.5,56.4214,1982q4,470.21167,1044.639,1134.6759,-70.540611,3814.8645,522.67401,5870.9995,841.52466,3383.9998,283.80545,90.684387,6.153183,6.9514265,7.0341024,8.2466602,6.2589579,8.6777802,5.6482892,6.7352152,8.1268139,4.5073853
111,1983,1,50.1282,3.61602,30.3967,4.60876,165.052,2567.64,525.918,490.6,2017.8,8.65333,8.34333,8.40667,9.40033,10.88,10.5633,9.796670000000001,10.3697,12.1324,12.0149,51.85,151.251,49.7014,11.1667,270.7,598.9,649.6,-35.1,2192.2,295.3,3381,56.8809,1983q1,475.90668,1052.9017,1142.0354,-61.707886,3854.0178,519.15491,5943.9985,862.50391,3547.4121,290.1712,91.15538,6.1652217,6.9593053,7.0405674,8.2568712,6.2522025,8.6901369,5.6704712,6.7598395,8.173974,4.5125656
111,1983,2,50.755,3.32947,30.5767,4.11298,169.393,2615.45,541.42,504,2055.8,8.803330000000001,8.619999999999999,8.720000000000001,9.407,10.5,10.5433,9.91333,11.3856,14.3133,13.2417,52.1923,152.086,50.8966,10,272.5,609.4,669.6,-7.7,2256.4,318,3482.2,57.2956,1983q2,475.6037,1063.6069,1168.6761,-13.439077,3938.1733,555.01642,6077.6045,879.64868,3588.0591,295.64749,91.093033,6.1645851,6.9694214,7.0636268,8.2784719,6.3189979,8.7123661,5.689168,6.7795224,8.1853666,4.5118814
111,1983,3,51.3648,2.63008,31.5933,3.69717,172.411,2690.08,547.4740000000001,512.8,2085.3,9.460000000000001,9.34333,9.35,10.16,10.7967,11.6267,11.09,11.5039,14.504,13.5267,52.5749,156.138,52.6375,9.133330000000001,278.2,622.2000000000001,707.6,-4.2,2326.5,343.4,3587.1,57.8798,1983q3,480.65128,1074.9865,1222.5336,-7.2564178,4019.5371,593.29852,6197.499,885.97406,3602.8113,297.87769,90.834625,6.1751418,6.9800634,7.1086807,8.2989216,6.3856978,8.7319012,5.6966829,6.7866879,8.1894693,4.5090404
111,1983,4,51.8092,3.30644,29.85,3.33731,175.467,2807.65,542.707,521.4,2125.7,9.43,9.206670000000001,8.99,9.92333,11,11.6867,10.9867,11.8821,13.4038,13.5267,53.4206,155.9,53.9923,8.16667,286.6,611.7000000000001,744.8,23.9,2379.2,358,3688.1,58.3044,1983q4,491.55811,1049.1489,1277.4336,40.99176,4080.6526,614.01886,6325.5947,894.27216,3645.8655,300.94983,91.623619,6.1975803,6.9557347,7.1526084,8.3140125,6.4200258,8.7523594,5.7069435,6.79601,8.2013493,4.5176892
111,1984,1,52.3734,4.4788,30.2067,3.80467,178.872,2893,571.5460000000001,531.4,2177.5,9.686669999999999,9.449999999999999,9.369999999999999,10.3043,11.07,11.9433,11.19,11.3305,12.508,13.1016,54.0851,154.946,55.5989,8.43333,293,634.2000000000001,769.6,73,2425.5,388,3807.4,59.045,1984q1,496.23169,1074.0961,1303.4126,123.63451,4107.8838,657.12592,6448.3022,899.99152,3687.8652,302.94183,91.5998,6.2070432,6.9792347,7.1727414,8.3206635,6.4878755,8.7715721,5.713541,6.8023853,8.2128029,4.5174289
111,1984,2,52.9489,4.32244,30.37,3.93615,181.995,2988.46,564.942,540.2000000000001,2217.4,10.5567,10.6033,10.0233,11.4903,12.3067,13.2,12.6367,10.7994,11.5763,12.8094,54.367,157.092,56.5253,7.4,302.2,654.2000000000001,802.8,69.3,2484.1,406.5,3906.3,59.5509,1984q2,507.46506,1098.556,1348.0905,116.37104,4171.3896,682.60931,6559.5986,907.12317,3723.5374,305.61252,91.295013,6.2294278,7.0017519,7.2064443,8.3360043,6.5259228,8.7886848,5.7223182,6.8102784,8.2224293,4.5140963
111,1984,3,53.5187,4.19348,29.0833,3.71582,184.661,3059.9,574.111,543.1,2246.5,11.39,11.1367,10.7333,11.949,12.99,12.8667,12.64,11.186,11.6681,13.2031,54.7294,166.15,56.9396,7.3,305.7,664.5,821.3,71.3,2522.8,409.6,3976,60.0305,1984q3,509.24115,1106.9373,1368.1378,118.77296,4202.5303,682.31982,6623.2998,904.70679,3742.2644,307.61197,91.169319,6.2329216,7.0093522,7.2212057,8.343442,6.5254984,8.7983494,5.7288389,6.807611,8.2274466,4.5127182
111,1984,4,53.9119,4.05851,27.89,3.61772,187.252,3193.48,587.799,551.6,2308.8,9.26667,9.196669999999999,9.126670000000001,10.0137,11.8033,11.7433,11.1033,11.3755,11.6793,13.418,55.4946,170.918,56.9312,6.96667,308.6,677.3,844.5,48,2572,416.4,4034,60.4136,1984q4,510.81213,1121.1052,1397.864,79.452309,4257.3193,689.24878,6677.3047,913.03943,3821.656,309.95007,91.857796,6.236002,7.0220704,7.2427006,8.3563948,6.5356021,8.8064699,5.7364111,6.8167791,8.2484388,4.5202417
111,1985,1,54.2652,3.61223,27.11,3.45214,190.32,3250.29,596.554,566.6,2368.5,8.47667,8.49,8.463329999999999,9.030670000000001,10.5367,11.5833,10.6767,11.9781,13.1349,14.3478,56.2799,179.976,57.0795,7.76667,305.4,696.5,852.9,16.2,2643.4,397.3,4117.2,61.0833,1985q1,499.97299,1140.2462,1396.29,26.52116,4327.5332,650.42328,6740.3037,927.58575,3877.4919,311.57452,92.136314,6.2145543,7.0389996,7.2415738,8.3727531,6.4776235,8.8158598,5.7416387,6.8325853,8.2629442,4.5232692
111,1985,2,54.9148,3.71287,27.88,3.1584,194.762,3320.43,615.657,582.3,2415.2,7.92333,7.85,7.70667,8.257669999999999,10.1967,10.8133,9.76333,12.1978,13.6379,14.8381,56.6021,173.421,57.2251,7.2,303.1,710.4,871.7000000000001,21.6,2687.4,418.6,4175.7,61.4317,1985q2,493.39346,1156.4063,1418.9742,35.160999,4374.6143,681.40717,6797.3052,947.88196,3931.5208,317.03827,92.13826,6.2013068,7.0530725,7.2576895,8.3835735,6.5241599,8.8242817,5.7590227,6.8542299,8.276782,4.5232902
111,1985,3,55.3194,3.36457,27.79,2.75311,199.306,3411.01,643.915,603.3,2458.8,7.9,7.70333,7.33333,8.143000000000001,9.5,10.3367,9.286670000000001,12.6009,14.1052,15.1544,56.8034,164.839,57.1439,7.06667,295.6,728.8,876,16.3,2755.9,414.2,4258.3,61.6832,1985q3,479.22287,1181.5211,1420.1598,26.425348,4467.8291,671.49567,6903.5005,978.06207,3986.1746,323.1123,92.088928,6.1721659,7.0745578,7.2585249,8.4046583,6.5095077,8.8397837,5.7779999,6.8855729,8.2905874,4.5227547
111,1985,4,55.8152,3.53028,29.1867,2.76961,203.555,3513.98,666.343,619.8,2494.6,8.10333,7.77333,7.39667,8.151,9.5,9.76,8.84333,13.5938,14.4501,15.8765,57.4679,154.946,57.4182,6.73333,304,744.6,892.2000000000001,33.1,2783.7,438.9,4318.7,62.0869,1985q4,489.63629,1199.2869,1437.0181,53.312374,4483.5547,706.91241,6955.8955,998.2782,4017.9167,327.85498,92.560425,6.1936626,7.0894823,7.2703257,8.4081717,6.5609069,8.8473444,5.7925715,6.9060321,8.2985191,4.5278616
111,1986,1,55.9519,3.10826,16.9133,2.15955,206.929,3580.98,684.774,633.5,2535.6,7.82667,7.51333,7.11667,7.908,9.366669999999999,8.55667,7.93667,15.6273,16.6035,17.5961,57.8505,147.557,57.7877,7.53333,312,753.8,898.6,30.3,2827.2,439.4,4382.4,62.4025,1986q1,499.97998,1207.9645,1440.0065,48.555748,4530.5879,704.13843,7022.7954,1015.1837,4063.2988,331.6037,92.705421,6.2145681,7.0966921,7.2724028,8.4186068,6.5569749,8.8569164,5.8039408,6.9228249,8.3097506,4.5294271
111,1986,2,55.8152,1.63951,13.9433,2.11582,211.794,3663.3,714.497,660.6,2608,6.92,6.64333,6.31667,7.10633,8.609999999999999,7.60333,7.18,17.3073,18.5741,19.4387,57.8505,140.167,57.4434,7.1,314.2,770.3,907.8,15.7,2859.2,444,4423.2,62.7315,1986q2,500.86481,1227.9318,1447.1199,25.027298,4557.8379,707.77838,7051.0029,1053.0594,4157.4009,337.61984,92.219223,6.2163363,7.1130867,7.2773304,8.4246035,6.5621309,8.8609247,5.8219204,6.959455,8.3326454,4.5241685
111,1986,3,56.2311,1.64813,13.8733,2.27892,216.763,3750.24,729.333,687.4,2671.2,6.20667,5.97667,5.67667,6.27433,7.85333,7.30667,6.65667,17.2766,17.7828,19.3204,57.8505,134.923,57.6729,6.83333,320.2,786.3,920.6,-7,2930.6,459.4,4491.3,63.0889,1986q3,507.53778,1246.3365,1459.2107,-11.095454,4645.1909,728.17883,7119.002,1089.5736,4234.0254,343.5834,91.696793,6.2295713,7.1279635,7.2856507,8.4435873,6.5905466,8.8705225,5.8394299,6.9935417,8.3509083,4.5184875
111,1986,4,56.5502,1.317,15.3667,2.29613,223.416,3876.96,785.321,724.7000000000001,2731.6,6.26667,5.84667,5.5,6.143,7.5,7.26333,6.48333,17.7757,16.9607,19.6247,58.2935,134.207,58.3139,6.5,335,794,925.8,-12.7,2969.9,468.6,4543.3,63.5125,1986q4,527.4552,1250.1476,1457.6658,-19.996063,4676.0874,737.8075,7153.395,1141.0353,4300.8857,351.76697,91.782722,6.268064,7.1310167,7.2845917,8.4502172,6.603683,8.8753424,5.8629689,7.0396914,8.3665762,4.519424
111,1987,1,57.1771,2.18963,18.2867,2.72893,227.083,3922.46,769.723,733.8,2757,6.22,6.01667,5.69667,6.375,7.5,7.19333,6.51667,20.7315,19.5033,22.9188,58.6559,126.103,59.022,7.13333,336.7,803.5,915.8,28,3004.8,477.7,4611.1,64.1054,1987q1,525.22876,1253.4045,1428.5848,43.678066,4687.2808,745.17902,7192.9976,1144.6774,4300.7295,354.2338,91.499153,6.263834,7.1336188,7.2644396,8.4526081,6.6136246,8.8808632,5.869957,7.0428782,8.36654,4.5163298
111,1987,2,57.9235,3.77744,19.3933,2.77246,231.302,3988.67,786.938,743.2000000000001,2778.2,6.65,6.76667,5.83333,7.14933,8.046670000000001,8.34333,7.72,22.0515,20.0584,24.6601,58.7767,121.931,60.122,6.2,355,810.9,934.8,16.5,3071.9,502.3,4686.7,64.47069999999999,1987q2,550.63776,1257.7806,1449.9609,25.593021,4764.8003,779.11359,7269.5039,1152.7717,4309.2441,358.77072,91.168083,6.3110771,7.137104,7.2792921,8.4690113,6.6581569,8.8914433,5.8826838,7.0499244,8.3685179,4.5127048
111,1987,3,58.5732,4.16498,20.39,2.99266,234.708,4070.17,795.931,747.6,2803.2,6.84333,6.91,6.23667,7.22233,8.4,8.876670000000001,8.14667,24.3578,20.9651,27.0437,58.9982,122.646,61.1968,5.86667,371.6,814.6,956.5,1,3138.3,517.3,4764.5,64.977,1987q3,571.89465,1253.6743,1472.0593,1.5390061,4829.8628,796.12787,7332.5947,1150.5609,4314.1421,361.21704,90.798592,6.3489547,7.1338339,7.2944174,8.4825735,6.67976,8.9000845,5.8894792,7.0480046,8.3696537,4.5086436
111,1987,4,59.0803,4.474,18.7033,3.08948,239.829,4154.4,787.754,750.2000000000001,2831,6.91667,7.55667,6.05,7.964,8.866669999999999,9.123329999999999,8.289999999999999,19.1718,16.1716,21.2742,59.6426,115.971,62.5515,5.56667,391.8,831.4,961.4,63.1,3173,537.5,4883.1,65.4747,1987q4,598.39905,1269.8035,1468.3534,96.3731,4846.1465,820.9278,7457.9951,1145.7861,4323.8076,366.29263,91.09259,6.394258,7.1466174,7.2918968,8.485939,6.7104354,8.9170418,5.9034324,7.0438461,8.371892,4.5118766
111,1988,1,59.4325,3.9446,16.6867,2.97304,243.75,4216.77,820.8730000000001,761.8,2895.2,6.66333,6.69,5.90333,6.98367,8.58667,8.41667,7.58333,18.874,16.9665,21.5939,60.0453,114.184,63.1029,6.13333,418.4,840.3,962.1,17,3253.5,542.7000000000001,4948.6,66.01130000000001,1988q1,633.83087,1272.9639,1457.4778,25.753166,4928.7017,822.13196,7496.5952,1154.0448,4385.9155,369.25497,90.962151,6.4517822,7.1491032,7.2844625,8.5028305,6.7119007,8.922204,5.9114876,7.0510283,8.3861532,4.5104437
111,1988,2,60.1835,3.90159,17.2533,3.3523,249.16,4268.9,828.203,778.3,2942.8,7.15667,7.18,6.39333,7.481,8.779999999999999,8.91,8.09667,19.3723,18.0258,22.1207,60.5084,112.634,63.5676,5.4,438.9,846.7000000000001,987.1,19.7,3313,546.1,5059.3,66.63200000000001,1988q2,658.6925,1270.7108,1481.4203,29.565374,4972.0854,819.57617,7592.8984,1168.0574,4416.4966,373.93445,90.809822,6.4902568,7.1473317,7.3007565,8.5115948,6.7087874,8.9349689,5.9240804,7.0630975,8.3931017,4.5087676
111,1988,3,60.9857,4.11886,15.19,3.70418,253.358,4326.04,829.656,783.7000000000001,2962.6,7.98333,8.08333,7.23333,8.418670000000001,9.710000000000001,9.1,8.59333,19.706,18.3127,22.2557,60.7501,118.474,63.923,5.36667,452.7,850.5,993.9,18.2,3380.4,552.8,5142.8,67.38379999999999,1988q3,671.82318,1262.1729,1474.9836,27.009459,5016.6362,820.37524,7632.1016,1163.0392,4396.6055,375.99246,90.15535,6.509995,7.1405902,7.296402,8.5205145,6.7097616,8.9401188,5.9295692,7.0587916,8.388588,4.5015345
111,1988,4,61.6172,4.29404,14.7567,3.69662,256.897,4432.98,827.205,786.7000000000001,2993.9,8.470000000000001,8.67,7.98667,9.01867,10.1833,8.956670000000001,8.75333,20.2001,18.0032,22.9418,61.5756,113.349,64.41840000000001,5.06667,465.6,873.4,1013.9,19.1,3453.3,574.3,5251,67.895,1988q4,685.76477,1286.3981,1493.3353,28.131674,5086.2363,845.86493,7734.001,1158.7009,4409.603,378.37396,90.69239,6.5305347,7.1596012,7.3087673,8.5342932,6.7403598,8.9533815,5.935883,7.0550547,8.3915396,4.5074735
111,1989,1,62.3,4.82481,18.49,4.01816,259.16,4503.71,819.547,783,3005.2,9.44333,9.453329999999999,8.84333,9.812329999999999,10.9767,9.210000000000001,9.376670000000001,21.5596,19.0151,24.3162,62.0388,114.184,64.67310000000001,5.6,484,879.5,1027,48.2,3507.7,586.2000000000001,5360.3,68.66370000000001,1989q1,704.88483,1280.8806,1495.6957,70.197205,5108.5215,853.7262,7806.5996,1140.3406,4376.6938,377.43378,90.351669,6.5580344,7.155303,7.3103466,8.5386658,6.7496104,8.9627247,5.9333949,7.0390821,8.3840485,4.5037093
111,1989,2,63.3241,5.21838,20.5933,4.06431,261.107,4545.62,825.558,773.5,3033.4,9.72667,9.463329999999999,8.706670000000001,9.77933,11.3567,8.77333,8.91667,23.0173,20.6555,26.084,62.2401,117.163,64.3877,5.2,505.8,900,1037.2,36,3570,595.4,5453.6,69.34010000000001,1989q2,729.44806,1297.9502,1495.8156,51.918011,5148.5361,858.6662,7865.0015,1115.5161,4374.6694,376.55988,89.760612,6.592288,7.1685414,7.3104267,8.5464678,6.7553802,8.9701777,5.931077,7.0170727,8.3835859,4.4971461
111,1989,3,63.8361,4.67394,19.32,3.57775,263.759,4580.04,823.143,781,3098.5,9.08333,8.65,8.11333,8.92867,10.66,8.106669999999999,8.07333,25.0879,21.8801,28.3411,62.6227,117.163,63.9398,5.16667,508.2,910,1062.6,10,3626.8,584.4,5532.9,69.7946,1989q3,728.13654,1303.8258,1522.4674,14.327756,5196.3906,837.31409,7927.4043,1118.9978,4439.4551,377.90747,89.724274,6.5904884,7.173058,7.3280878,8.5557194,6.7301993,8.9780807,5.9346495,7.0201888,8.3982868,4.4967413
111,1989,4,64.45059999999999,4.59834,20.3633,3.47874,267.774,4634.57,835.61,792.9,3158.4,8.61333,8.390000000000001,7.9,8.61567,10.5,7.90667,7.86333,25.4811,21.8099,28.5812,63.1865,114.66,64.1777,5.1,514.5,922.3,1052.9,16.6,3673.5,598.2000000000001,5581.7,70.2569,1989q4,732.31244,1312.7537,1498.6428,23.627573,5228.668,851.44659,7944.7002,1128.5724,4495.5015,381.13553,89.936363,6.5962071,7.179882,7.312315,8.5619116,6.7469368,8.9802599,5.9431548,7.0287089,8.4108324,4.4991021
111,1990,1,65.56010000000001,5.23288,21.83,3.55552,273.063,4716.3,843.5,801.6,3195.6,8.25,8.17333,8.02333,8.40433,10.0367,8.42333,8.383330000000001,25.2617,20.6438,28.1049,64.07250000000001,110.489,64.6508,5.8,537.6,946.2000000000001,1078.5,13.9,3758.7,626.8,5708.1,71.105,1990q1,756.065,1330.7081,1516.771,19.548555,5286.126,881.51324,8027.7056,1127.3469,4494.1987,384.02783,90.109695,6.6281276,7.1934667,7.3243389,8.5728407,6.7816401,8.990654,5.9507151,7.0276222,8.4105425,4.5010276
111,1990,2,66.2257,4.58221,17.79,3.73737,278.974,4694.71,856.045,808.9,3218.7,8.24333,8.23,8.00667,8.463329999999999,10,8.67667,8.623329999999999,26.5363,21.1828,29.5315,64.8981,109.535,65.1238,5.3,546.4,957.6,1062.6,33.7,3811.8,614.8,5797.4,71.9316,1990q2,759.61053,1331.2646,1477.2367,46.850063,5299.2007,854.70087,8059.6011,1124.5405,4474.6675,387.83234,90.221962,6.6328058,7.1938848,7.2979283,8.5753117,6.7507515,8.9946194,5.9605732,7.0251298,8.4061871,4.5022731
111,1990,3,67.3693,5.53476,26.4833,4.00884,287.272,4723.45,867.356,820.1,3259.1,8.16,7.94333,7.72,8.166,10,8.703329999999999,8.25,25.8092,19.3853,28.7193,65.3612,105.721,65.3309,5.56667,555.7000000000001,967.2000000000001,1060.7,21.9,3875.2,630.1,5850.6,72.5926,1990q3,765.505,1332.3672,1461.1682,30.168364,5338.2852,867.99481,8059.499,1129.7295,4489.5762,395.73181,90.038376,6.6405358,7.1947126,7.2869916,8.5826597,6.7661858,8.994607,5.9807367,7.0297337,8.4095135,4.500236
111,1990,4,68.46169999999999,6.22352,31.9667,4.15565,293.278,4725.2,878.867,824.7000000000001,3276.3,7.74333,7.89667,7.21667,8.22067,10,8.39667,7.76,23.9864,16.7682,26.9302,66.0458,100.596,64.34010000000001,5.8,568.8,992.9,1046.9,-11.3,3896,647.3,5846,73.1765,1990q4,777.29871,1356.8563,1430.6505,-15.442116,5324.1138,884.57361,7988.9033,1127.0011,4477.2568,400.78168,90.255478,6.6558247,7.2129259,7.2658844,8.5800018,6.7851057,8.9858084,5.9934168,7.0273156,8.4067659,4.5026441
111,1991,1,69.02500000000001,5.28508,21.8567,4.01922,302.771,4759.52,890.692,838.8,3326.2,6.42667,6.66667,6.19667,6.87367,9.19,8.01667,7.27,26.4537,20.4596,30.2712,66.28740000000001,100,63.1225,7.2,574.7000000000001,1011.7,1019.9,-15.5,3909.7,620.3,5880.2,73.96290000000001,1991q1,777.01117,1367.8479,1378.9346,-20.956453,5286.0283,838.6637,7950.2021,1134.082,4497.1196,409.35522,89.622498,6.6554546,7.220994,7.2290664,8.5728226,6.7318096,8.9809523,6.0145831,7.0335789,8.4111919,4.4956064
111,1991,2,69.4346,4.84536,20.74,3.55617,305.498,4712.7,898.2670000000001,856.7000000000001,3356.6,5.86333,6.03333,5.73,6.17133,8.66667,8.130000000000001,7.24667,27.8801,23.4651,32.6302,66.9922,105.125,63.5228,6.73333,592.3,1015,1023.4,-18,3963.3,613.9,5962,74.4896,1991q2,795.14453,1362.6063,1373.8831,-24.164448,5320.6084,824.14191,8003.8018,1150.0934,4506.1323,410.12167,89.934967,6.678524,7.2171545,7.2253962,8.5793428,6.7143426,8.9876719,6.0164537,7.0475984,8.4131947,4.4990869
111,1991,3,69.9808,3.87636,21.6933,3.41188,310.674,4700.5,927.01,870.2000000000001,3358.8,5.64333,5.78,5.54,5.84333,8.4,7.94,6.89333,28.4253,24.1886,33.2251,67.5359,106.794,64.3541,6.63333,602.2000000000001,1017.3,1026.3,.8,4008.7,621.7000000000001,6033.7,75.0694,1991q3,802.19104,1355.146,1367.1349,1.0656805,5339.9922,828.16699,8037.4961,1159.194,4474.2598,413.84906,89.964622,6.6873469,7.2116647,7.2204723,8.5829792,6.7192149,8.9918728,6.0255013,7.05548,8.4060965,4.4994164
111,1991,4,70.5099,2.99177,21.7567,3.18201,317.543,4724.87,956.192,897,3376.4,4.81667,4.98,4.67,5.05267,7.59667,7.34667,5.84,28.3301,25.561,33.0949,68.1198,101.788,64.4632,6.7,617.1,1019.3,1024.8,31.1,4038.6,638.3,6092.5,75.505,1991q4,817.29688,1349.9768,1357.2611,41.189323,5348.7847,845.37445,8069.002,1188.0009,4471.7568,420.5589,90.218925,6.7060022,7.2078428,7.2132239,8.5846243,6.7397795,8.9957848,6.0415845,7.0800271,8.4055367,4.5022392
111,1992,1,71.00490000000001,2.86845,18.89,2.60377,324.383,4800.39,982.591,936.7000000000001,3407.7,4.02333,4.16,3.99333,4.246,6.5,7.30333,5.76667,30.7548,29.6546,35.48,68.1399,102.265,64.45480000000001,8.033329999999999,627.3,1031.8,1037,.2,4140.1,645.8,6190.7,75.8887,1992q1,826.60529,1359.6227,1366.4749,.26354384,5455.4893,850.98309,8157.6045,1234.3076,4490.3921,427.44571,89.789261,6.7173271,7.2149625,7.2199898,8.6043777,6.7463923,9.0067062,6.0578275,7.1182656,8.4096956,4.4974656
111,1992,2,71.5852,3.09735,21.19,2.50853,330.177,4776.38,999.337,954.3,3397.2,3.77,3.94667,3.76333,4.08433,6.5,7.37667,5.78,31.6299,27.4876,35.1924,68.8044,102.026,65.5604,7.5,627.9,1042.8,1066.8,23.2,4193.5,659,6295.2,76.3582,1992q2,822.30853,1365.6687,1397.0995,30.383116,5491.8789,863.03766,8244.3008,1249.7676,4449.0313,432.40543,90.107414,6.7121158,7.2193995,7.2421536,8.6110258,6.7604585,9.0172777,6.0693636,7.130713,8.4004421,4.5010023
111,1992,3,72.1485,3.09756,21.66,2.18897,340.757,4790.64,1035.84,988.1,3413.9,3.25667,3.35333,3.14667,3.46867,6.00667,6.61667,4.68333,31.3838,27.2888,35.5399,69.02589999999999,97.9738,66.0027,7.46667,641.4,1060.3,1077.6,20.5,4267.7,677.9,6389.7,76.7126,1992q3,836.10779,1382.1719,1404.7236,26.72312,5563.2319,883.68793,8329.4014,1288.0543,4450.2466,444.19952,89.979874,6.7287574,7.2314115,7.2475958,8.6239347,6.7841039,9.0275469,6.0962739,7.1608882,8.4007149,4.4995861
111,1992,4,72.6606,3.05011,20.48,2.17682,350.882,4840.13,1072.95,1024.9,3428.9,3.03667,3.55333,3.13,3.62533,6,6.74333,4.99667,30.782,29.8098,35.9579,69.48909999999999,102.98,66.6996,7.03333,643.2000000000001,1066.7,1104.7,21.4,4346.2,688.5,6493.6,77.1486,1992q4,833.7157,1382.6564,1431.9119,27.738676,5633.5435,892.43359,8417.0029,1328.4752,4444.5396,454.81317,90.071754,6.7258925,7.2317619,7.2667656,8.6364937,6.793952,9.0380087,6.1198869,7.1917872,8.3994312,4.5006065
111,1993,1,73.27500000000001,3.19712,19.8067,2.26871,357.882,4853.21,1077.52,1038.5,3416.4,3.04,3.2,3.02667,3.258,6,6.28,4.63667,31.8735,32.6712,36.9771,69.8716,106.079,67.2762,7.73333,645,1066.7,1111.4,35.9,4384.9,699.3,6544.5,77.6104,1993q1,831.07416,1374.4292,1432.0245,46.256687,5649.8872,901.03906,8432.5039,1338.0939,4401.9873,461.12634,90.028656,6.7227192,7.2257938,7.2668443,8.6393909,6.8035488,9.0398493,6.1336722,7.1990013,8.3898115,4.5001278
111,1993,2,73.8383,3.14735,19.77,2.20116,367.904,4873.23,1117.61,1075.1,3446.8,3,3.17667,3.03,3.21533,6,5.99,4.41,32.916,32.5096,37.0568,70.3952,102.503,67.4609,6.96667,654.3,1069.5,1139.1,24.1,4452.1,716.3,6622.7,78.039,1993q2,838.42694,1370.4686,1459.6548,30.881994,5704.9683,917.87439,8486.3975,1377.6445,4416.7661,471.43607,90.205154,6.7315273,7.222908,7.2859554,8.6490927,6.8220606,9.0462198,6.1557837,7.2281303,8.3931627,4.5020866
111,1993,3,74.1284,2.74426,17.7933,2.19837,378.243,4932.85,1153.3,1104.2,3456.6,3.06,3.18,3.07,3.2545,6,5.61667,4.32,33.8739,34.5316,37.1831,70.6972,104.768,67.80800000000001,6.66667,651.4,1077.5,1155.9,6.6,4516.3,719.3,6688.3,78.399,1993q3,830.87793,1374.3798,1474.3811,8.4184752,5760.6602,917.48621,8531.1035,1408.4363,4408.9849,482.45895,90.176147,6.7224827,7.2257576,7.2959938,8.6588078,6.8216376,9.0514736,6.178896,7.2502356,8.3913994,4.5017648
111,1993,4,74.6405,2.72492,16.45,2.17778,386.586,5013.76,1178.05,1129.6,3479.3,2.99,3.34,3.13,3.41969,6,5.60667,4.40667,34.9038,36.4976,38.651,71.58320000000001,106.317,68.82680000000001,6.23333,671.7000000000001,1088,1201.6,16.6,4581.1,745,6813.8,78.8288,1993q4,852.09973,1380.2062,1524.316,21.058294,5811.4546,945.08606,8643.7949,1432.9788,4413.7422,490.41214,90.808434,6.7477036,7.2299881,7.3293009,8.6675863,6.8512759,9.0645971,6.1952462,7.2675104,8.392478,4.5087523
111,1994,1,75.11839999999999,2.51572,14.81,2.10428,396.054,5058.49,1207.44,1140.2,3486,3.21333,3.51,3.31333,3.56306,6.02,6.06667,4.90333,36.6304,37.5016,39.7343,72.14700000000001,106.555,69.8205,7.06667,681.2000000000001,1092.4,1208.9,45.3,4650.4,761.8,6916.3,79.2436,1994q1,859.62781,1378.5341,1525.5491,57.165501,5868.4863,961.33948,8727.8975,1438.8544,4399.0933,499.79303,91.044579,6.7564993,7.228776,7.3301096,8.677352,6.8683276,9.0742798,6.2141943,7.2716026,8.3891535,4.5113492
111,1994,2,75.5963,2.38095,17.7833,2.02709,404.4,5098.4,1193.4,1145.1,3487.2,3.94,4.39667,4.07333,4.47265,6.89667,7.08333,6.2,35.1011,34.6711,38.0465,72.4289,103.456,71.04640000000001,6.1,706.3,1101.4,1242.8,81.40000000000001,4709.8,797.6,7044.3,79.62090000000001,1994q2,887.07867,1383.3052,1560.8967,102.23447,5915.2813,1001.747,8847.2998,1438.1902,4379.7544,507.90683,90.967194,6.7879338,7.2322311,7.3530159,8.6852942,6.9095006,9.0878677,6.230298,7.2711406,8.3847475,4.510499
111,1994,3,76.262,2.87819,18.4933,2.16183,411.771,5178.42,1182.88,1151.9,3492.9,4.48667,4.87,4.59,4.96753,7.50333,7.33333,6.55667,36.0155,35.1956,39.12,72.73090000000001,101.549,71.9281,5.9,737.1,1120.4,1268.6,53.2,4786.3,833.8,7131.8,80.09390000000001,1994q3,920.2948,1398.858,1583.8909,66.422035,5975.8608,1041.0281,8904.2988,1438.1869,4361.0063,514.11029,90.807037,6.8246942,7.2434115,7.3676395,8.6954832,6.9479642,9.0942898,6.2424378,7.2711387,8.3804579,4.5087366
111,1994,4,76.6204,2.65264,17.6467,2.12889,418.313,5282.66,1175.94,1150.6,3493.7,5.16667,5.86,5.41667,5.9632,8.133330000000001,7.83667,7.39667,36.1244,35.8557,39.6303,73.4961,100,73.29680000000001,5.26667,758.3,1121.4,1297.3,75.2,4856.7,860.6,7248.2,80.5069,1994q4,941.90686,1392.9241,1611.4147,93.408142,6032.6504,1068.9767,9003.2031,1429.1942,4339.6279,519.59894,91.291679,6.8479066,7.2391605,7.3848677,8.7049417,6.9744573,9.1053352,6.253057,7.2648659,8.3755436,4.5140595
111,1995,1,77.252,2.84026,18.3733,2.17744,424.722,5395.94,1178.17,1146.7,3497.3,5.81,6.17333,5.90333,6.2895,8.83333,7.48333,7.26667,37.5722,37.3094,41.2396,73.919,97.61620000000001,74.3788,5.93333,780.7000000000001,1133.7,1330.5,61.1,4888.7,886.9,7307.7,80.9691,1995q1,964.19501,1400.1638,1643.2195,75.460884,6037.7354,1095.3561,9025.2949,1416.2192,4319.3022,524.54828,91.292854,6.8712935,7.2443447,7.4044127,8.7057838,6.9988346,9.1077862,6.2625375,7.2557459,8.3708496,4.5140724
111,1995,2,77.93470000000001,3.09325,19.3533,2.14301,430.142,5492.76,1184.31,1144.2,3555.9,6.02,6.04,5.76667,6.12335,9,6.62,6.25,41.5036,41.1482,45.1144,74.1606,92.3719,74.6028,5.63333,797.7000000000001,1141.1,1333.9,33.7,4957.5,908.3,7355.8,81.32720000000001,1995q2,980.85266,1403.0977,1640.1647,41.43755,6095.7466,1116.8466,9044.6982,1406.9094,4372.3379,528.90302,91.187943,6.8884225,7.2464375,7.4025521,8.7153463,7.0182643,9.1099339,6.2708049,7.2491508,8.3830528,4.5129228
111,1995,3,78.2761,2.641,17.8433,2.01744,431.921,5582.76,1164.49,1141.9,3609.2,5.79667,5.78333,5.52667,5.8899,8.76667,6.32333,5.96,44.4673,48.2754,48.613,74.76470000000001,95.2324,75.3122,5.63333,830.5,1147.3,1346.3,11.3,5022.9,905.8,7452.5,81.7097,1995q3,1016.4032,1404.1173,1647.6624,13.829448,6147.2505,1108.5587,9120.7041,1397.5085,4417.1011,528.60431,91.500397,6.9240255,7.2471642,7.4071126,8.7237606,7.0108161,9.1183023,6.2702403,7.2424464,8.393239,4.5163431
111,1995,4,78.6516,2.65092,18.1567,2.00841,434.61,5692.4,1149.86,1127.5,3637.4,5.72,5.73333,5.41667,5.85333,8.716670000000001,5.89333,5.57667,46.8741,49.4803,50.8209,75.38890000000001,94.6365,75.9375,5.23333,838.6,1143.5,1371.1,18.5,5080.1,909.2000000000001,7542.5,82.1238,1995q4,1021.1412,1392.41,1669.5526,22.526966,6185.9048,1107.109,9184.3047,1372.9272,4429.1665,529.2132,91.799088,6.9286761,7.2387915,7.420311,8.7300282,7.0095072,9.1252518,6.2713914,7.2247005,8.3959665,4.5196023
111,1996,1,79.3685,2.73973,19.7567,2.01445,435.925,5782.47,1138.6,1122.5,3695.1,5.36333,5.28667,5.06667,5.40065,8.33333,5.91,5.37667,51.5449,51.0016,54.2845,75.8721,96.6627,76.48820000000001,6.03333,847.6,1161.4,1402.5,6.9,5156.5,936.7000000000001,7638.2,82.6001,1996q1,1026.1489,1406.0515,1697.9398,8.3535004,6242.7285,1134.0179,9247.2041,1358.9572,4473.4814,527.7536,91.854729,6.933568,7.2485409,7.437171,8.7391729,7.0335221,9.1320763,6.2686296,7.2144728,8.4059219,4.5202084
111,1996,2,80.1536,2.84713,21.73,1.95372,439.999,5833.47,1135.43,1115.1,3730.3,5.24333,5.42333,5.15333,5.51776,8.25,6.72,6.29,53.3075,56.5538,56.7754,76.7581,97.497,77.9909,5.43333,859,1174.7,1439.7,30.5,5248.8,952.8,7800,82.9161,1996q2,1035.9869,1416.7333,1736.3335,36.784172,6330.2544,1149.1134,9407.0996,1344.8534,4498.8853,530.6557,92.573219,6.94311,7.2561088,7.4595308,8.7530956,7.0467458,9.1492195,6.2741132,7.2040401,8.4115849,4.5279999
111,1996,3,80.58029999999999,2.94374,22.4133,1.79722,446.041,5902.55,1164.51,1096.1,3760.6,5.30667,5.49,5.22333,5.59457,8.25,6.78,6.35667,53.6794,54.4108,56.6385,77.3219,97.1395,79.0176,5.23333,859.7000000000001,1176.7,1474.6,51.1,5304.4,973.8,7892.7,83.1782,1996q3,1033.5641,1414.6736,1772.8203,61.434364,6377.1519,1170.7395,9488.9043,1317.7732,4521.1367,536.2475,92.959335,6.9407682,7.2546539,7.4803271,8.7604771,7.0653911,9.1578789,6.284596,7.1836987,8.4165192,4.5321622
111,1996,4,81.16070000000001,3.1901,24.6267,1.84407,452.088,6031.79,1142.36,1081.6,3817.5,5.28,5.45,5.10333,5.54154,8.25,6.34333,5.93667,59.2562,60.1233,61.9113,78.02670000000001,97.1395,80.1002,4.96667,904.3,1194.2,1497.8,34.6,5384.7,992.6,8023,83.6383,1996q4,1081.2032,1427.8148,1790.8064,41.368607,6438.0791,1186.7769,9592.4951,1293.1875,4564.2964,540.52747,93.290634,6.9858298,7.2639003,7.4904213,8.7699852,7.0789962,9.1687365,6.2925453,7.1648655,8.4260197,4.5357199
111,1997,1,81.7068,2.94624,22.78,1.91257,456.221,6161.6,1148.31,1071.8,3856.1,5.27667,5.47,5.2,5.58319,8.26667,6.56333,6.19,64.8663,63.1632,66.6037,78.59050000000001,100,81.6502,5.7,919.1,1203.7,1524.6,49.8,5467.1,1027.2,8137,84.1799,1997q1,1091.8284,1429.9138,1811.1212,59.159016,6494.5435,1220.2438,9666.2031,1273.2256,4580.7847,541.95953,93.360176,6.9956088,7.2653694,7.5017014,8.778718,7.1068058,9.1763906,6.2951913,7.1493087,8.4296255,4.5364647
111,1997,2,82.0311,2.34242,19.9033,1.75888,462.092,6248.61,1151.39,1065.7,3901.1,5.52333,5.68333,5.18,5.82945,8.5,6.69667,6.42333,67.9438,63.5215,70.27889999999999,78.8321,101.43,82.93089999999999,4.9,955,1219.5,1549.6,88.40000000000001,5504,1039.7,8276.799999999999,84.3745,1997q2,1131.8585,1445.3419,1836.5739,104.77099,6523.2979,1232.2444,9809.5986,1263.0593,4623.5532,547.66785,93.43119,7.0316162,7.2761011,7.5156569,8.7831354,7.1165924,9.1911163,6.3056688,7.1412921,8.4389191,4.5372252
111,1997,3,82.35550000000001,2.20292,19.7733,1.79203,469.228,6340.53,1145.79,1067.6,3971.6,5.53333,5.53667,5.18333,5.72163,8.5,6.24333,6.01333,75.232,76.0355,79.20829999999999,79.255,103.337,84.8415,4.83333,974.7000000000001,1223.9,1600.7,68,5613.3,1070.9,8409.9,84.66880000000001,1997q3,1151.1914,1445.5148,1890.543,80.312935,6629.7148,1264.8107,9932.7021,1260.9131,4690.748,554.19232,93.605911,7.0485525,7.2762208,7.5446196,8.7993174,7.1426778,9.2035875,6.3175116,7.1395912,8.4533472,4.5390935
111,1997,4,82.6798,1.87171,19.8833,1.60585,479.996,6538.34,1146.47,1072.8,4032.1,5.50667,5.59333,5.22667,5.91881,8.5,5.90667,5.78,74.1491,77.0234,80.14060000000001,80.6443,105.006,86.92,4.36667,968.9,1241.2,1605,77.8,5698.1,1085.3,8505.700000000001,84.98139999999999,1997q4,1140.1318,1460.5549,1888.6486,91.549446,6705.1143,1277.103,10008.896,1262.3939,4744.6855,564.82477,94.896416,7.0388989,7.2865715,7.5436168,8.810626,7.1523495,9.2112293,6.3365154,7.1407652,8.4647808,4.5527859
111,1998,1,82.9016,1.46229,15.9567,1.12363,484.903,6690.21,1157.41,1077.5,4110.8,5.52,5.43333,5.18667,5.67066,8.5,5.58667,5.46,78.50530000000001,80.4556,86.1328,80.9061,107.867,87.8858,5.06667,963.8,1235.9,1636.5,105.1,5757.5,1098.2,8600.6,85.1258,1998q1,1132.2067,1451.8513,1922.4489,123.46433,6763.5195,1290.0907,10103.4,1265.7737,4829.0884,569.63104,95.042984,7.0319238,7.2805948,7.5613551,8.8192987,7.162468,9.2206278,6.3449888,7.1434388,8.4824133,4.5543294
111,1998,2,83.3454,1.60216,14.6433,1.13018,491.748,6739.2,1171.38,1077,4181.9,5.5,5.47333,5.10667,5.79285,8.5,5.59667,5.57,85.29680000000001,87.0946,93.6339,81.0269,110.012,88.5471,4.33333,947.8,1260.1,1692.8,37.3,5870.2,1109.6,8698.6,85.32810000000001,1998q2,1110.7712,1476.7703,1983.8717,43.713619,6879.5625,1300.3922,10194.297,1262.1868,4900.9648,576.30255,94.959221,7.0128098,7.2976127,7.5928054,8.8363104,7.1704211,9.2295837,6.3566327,7.1406012,8.4971876,4.5534477
111,1998,3,83.66970000000001,1.59585,14.1667,1.16551,502.687,6901.17,1162.44,1080.2,4265.4,5.53333,5.42333,4.94667,5.60408,8.49667,5.20333,5.11,80.5406,85.5912,92.4962,81.0269,111.681,89.2085,4.53333,936,1267.3,1733.3,52.4,5968,1109.9,8847.200000000001,85.65560000000001,1998q3,1092.7482,1479.5297,2023.5688,61.175217,6967.437,1295.7705,10328.805,1261.0968,4979.7095,586.87,94.596153,6.9964509,7.2994795,7.612618,8.8490028,7.1668606,9.242692,6.3748035,7.1397371,8.5131264,4.5496168
111,1998,4,83.95990000000001,1.54831,12.8967,1.09746,513.953,7151.94,1152.42,1095.8,4373.5,4.86,5.03333,4.36333,5.27655,7.92,4.67,4.41,82.7636,88.5398,97.22199999999999,81.9935,105.483,90.3737,4.1,967.9,1289.3,1777,60,6078.2,1145,9027.5,85.914,1998q4,1126.5917,1500.6868,2068.3474,69.83728,7074.749,1332.728,10507.601,1275.4615,5090.5557,598.21796,95.436714,7.0269523,7.3136783,7.6345053,8.8642874,7.1949835,9.2598543,6.3939552,7.1510634,8.5351419,4.5584636
111,1999,1,84.2842,1.6677,12.8967,1.37676,525.096,7228.81,1167.25,1097.8,4432.1,4.73333,4.79,4.52,5.00178,7.75,4.98333,4.87333,89.8222,112.845,109.947,82.37600000000001,106.079,91.28700000000001,4.63333,958.7000000000001,1309.3,1810.5,83.3,6157.4,1170.6,9148.6,86.2978,1999q1,1110.9205,1517.1881,2097.9678,96.526215,7135.0601,1356.4656,10601.197,1272.1066,5135.8203,608.46973,95.455505,7.0129442,7.324614,7.6487246,8.872776,7.2126379,9.2687225,6.4109473,7.1484294,8.5439949,4.55866
111,1999,2,85.1035,2.10936,17.5667,1.49344,536.8920000000001,7255.13,1178.73,1099.7,4503.1,4.74667,4.86,4.58,5.06706,7.75,5.54,5.35333,101.133,120.237,115.741,83.262,108.701,92.16880000000001,4.2,971.2000000000001,1325.1,1853.4,35.1,6290,1222.2,9252.6,86.6024,1999q2,1121.447,1530.0962,2140.1255,40.530056,7263.0781,1411.2773,10684,1269.8263,5199.7402,619.9505,96.14283,7.0223751,7.333086,7.6686196,8.8905592,7.2522507,9.2765026,6.4296398,7.1466355,8.5563641,4.565835
111,1999,3,85.6326,2.34598,21.5267,1.48087,550.051,7407.07,1193.63,1096.3,4561.6,5.09333,5.22667,4.78,5.44168,8.10333,5.88333,5.71333,103.346,130.086,118.72,84.0876,108.343,93.0506,4.26667,998.8,1355.5,1893,40.6,6398.9,1281.7,9405.1,86.9241,1999q3,1149.0485,1559.4064,2177.762,46.707417,7361.4795,1474.5048,10819.899,1261.2152,5247.7969,632.79462,96.736809,7.0466895,7.3520603,7.6860528,8.9040165,7.2960773,9.2891426,6.4501457,7.1398311,8.5655632,4.5719938
111,1999,4,86.1617,2.62248,24.6733,1.53098,593.461,7771.52,1242.75,1122.7,4632.6,5.30667,5.85333,5.19333,6.13709,8.373329999999999,6.14,6,102.56,155.4,122.842,84.893,108.105,94.7407,3.76667,1028.5,1385.8,1915.4,84.3,6524.9,1331,9607.700000000001,87.2293,1999q4,1179.0763,1588.6864,2195.8218,96.641838,7480.1699,1525.8634,11014.304,1287.0675,5310.8301,680.34595,97.321655,7.0724864,7.3706627,7.6943116,8.9200106,7.3303156,9.3069496,6.5226016,7.1601214,8.5775032,4.5780215
111,2000,1,87.0151,3.24018,28.79,1.88498,571.776,7880.53,1208.33,1108.3,4703.2,5.67667,5.87,5.69,6.11199,8.686669999999999,6.48,6.55667,102.097,210.055,129.443,85.4971,113.111,95.843,4.4,1052.8,1392.2,1976.2,16.1,6683,1410.7,9709.5,87.9245,2000q1,1197.391,1583.4039,2247.6101,18.311165,7600.8394,1604.4447,11042.997,1260.5133,5349.1348,650.30341,97.23922,7.0879002,7.367332,7.7176228,8.9360142,7.3805332,9.3095522,6.4774389,7.1392741,8.5846901,4.5771742
111,2000,2,87.93680000000001,3.32932,28.8067,2.04068,575.706,7988.78,1188.86,1103.3,4762.3,6.27333,6.40667,5.89,6.61923,9.24667,6.17667,6.52,101.468,178.773,130.122,85.9804,118.594,96.9452,3.86667,1089.2,1426,2021.3,90.40000000000001,6775.7,1453.6,9949.1,88.3697,2000q2,1232.5492,1613.6753,2287.3225,102.29751,7667.4473,1644.9077,11258.497,1248.5049,5389.0645,651.47443,97.296242,7.1168399,7.3862696,7.735137,8.9447393,7.4054394,9.3288784,6.479238,7.1297021,8.5921268,4.5777602
111,2000,3,88.63670000000001,3.50807,31.7233,2.27658,578.37,8164.75,1170.62,1099.1,4843.1,6.52,6.49333,6.19833,6.6998,9.5,5.89333,6.15667,103.168,187.437,130.258,86.64490000000001,121.216,96.8192,4.03333,1119.1,1434.7,2039.8,57.2,6881.7,1515,10017.5,88.90300000000001,2000q3,1258.7877,1613.7814,2294.4106,64.339783,7740.6836,1704.1045,11267.898,1236.2913,5447.6226,650.56299,97.460037,7.1379046,7.3863354,7.7382312,8.9542456,7.4407949,9.3297129,6.477838,7.1198711,8.6029348,4.5794425
111,2000,4,89.1146,3.4271,31.94,2.45566,584.8680000000001,8403.92,1175.07,1087.7,4914.8,6.47333,6.45,6.21547,6.69174,9.5,5.56667,5.63333,100.368,143.67,117.383,87.87309999999999,123.838,96.5463,3.66667,1111.8,1453.6,2050.7,54.5,6981.1,1521.8,10129.8,89.37139999999999,2000q4,1244.0221,1626.4711,2294.582,60.981476,7811.3354,1702.7819,11334.498,1217.056,5499.2983,654.42413,98.323509,7.1261048,7.3941679,7.738306,8.9633312,7.4400187,9.3356066,6.4837556,7.1041903,8.6123762,4.588263
111,2001,1,89.968,3.39349,28.7767,2.33661,592.3630000000001,8574.59,1172.06,1109.9,5064.5,5.59333,5.13667,4.97406,5.33677,8.623329999999999,5.05,4.63667,99.67019999999999,112.641,107.676,87.87309999999999,121.097,95.1606,4.6,1097.1,1488.6,2044.5,-30.7,7058.1,1492.5,10165.1,89.9789,2001q1,1219.2859,1654.3878,2272.1995,-34.11911,7844.1724,1658.7222,11297.204,1233.5114,5628.542,658.33545,97.659676,7.1060205,7.4111862,7.7285037,8.9675264,7.4138026,9.3323107,6.4897146,7.11762,8.6356058,4.5814886
111,2001,2,90.9068,3.37733,27.8467,2.51293,601.924,8617.02,1183.56,1126.4,5169.2,4.32667,4.01333,3.74687,4.18387,7.34,5.27,4.42667,101.149,98.8886,103.2,88.6182,124.434,93.9429,4.33333,1056.6,1516.1,2041.8,-11.6,7118.7,1420.3,10301.3,90.5903,2001q2,1166.3501,1673.5787,2253.8838,-12.804903,7858.126,1567.8279,11371.306,1243.4003,5706.1299,664.44641,97.823059,7.0616345,7.4227195,7.7204103,8.9693031,7.3574462,9.3388481,6.4989543,7.1256051,8.6492968,4.5831604
111,2001,3,91.0262,2.69594,26.4933,2.21701,639.612,8820.940000000001,1224.88,1204,5345,3.49667,3.27333,3.23903,3.45057,6.56667,4.98,3.93333,94.1811,87.9294,95.3252,89.6048,123.48,92.5992,4.76667,997.1,1536.3,2014.7,-30.1,7151.2,1364.2,10305.2,90.874,2001q3,1097.2335,1690.5825,2217.0259,-33.122784,7869.3574,1501.1995,11340.098,1324.9114,5881.7705,703.84491,98.60334,7.0005474,7.4328284,7.7039218,8.9707317,7.3140197,9.3361006,6.5565581,7.1891007,8.6796131,4.591105
111,2001,4,90.7702,1.85788,20.36,1.9915,635.4400000000001,9157.719999999999,1186.48,1182.2,5430.9,2.13333,2.01,1.9473,2.14245,5.15667,4.77,3.32667,91.4024,87.4085,93.9667,90.6116,125.983,91.52840000000001,5.23333,960.1,1556.6,1988,-80.8,7267.2,1317.9,10373.1,91.1512,2001q4,1053.3048,1707.712,2180.9917,-88.643921,7972.687,1445.8395,11380.103,1296.9659,5958.1226,697.12738,99.40802,6.9596877,7.4429097,7.6875348,8.983777,7.2764454,9.3396215,6.546968,7.1677828,8.6925106,4.5992327
111,2002,1,91.0945,1.25213,21.5967,1.65582,649.967,9185.4,1153.65,1193.2,5497.3,1.73333,1.78333,1.75147,1.90389,4.75,5.07667,3.75,95.8057,89.5578,95.16889999999999,91.2962,131.108,92.1583,6.16667,973.4,1598.8,1979.2,-13.4,7309,1348.3,10498.7,91.4688,2002q1,1064.188,1747.9185,2163.7979,-14.649804,7990.7026,1474.0546,11477.903,1304.4885,6010.0273,710.58875,99.811302,6.9699674,7.4661808,7.6796203,8.9860344,7.2957721,9.3481789,6.5660939,7.1735663,8.7011843,4.6032815
111,2002,2,92.08450000000001,1.29553,26.2633,1.42409,662.845,9232.06,1156.06,1192.2,5545.9,1.75,1.78333,1.74441,1.90072,4.75,5.1,3.76667,93.98,78.2043,88.3901,91.8198,126.937,93.628,5.73333,1005.9,1627.8,1975.7,13.2,7403.4,1424,10601.9,91.8804,2002q2,1094.7928,1771.651,2150.2954,14.366503,8057.6489,1549.8408,11538.805,1297.5564,6035.999,721.42157,99.934044,6.9983206,7.4796672,7.6733603,8.9943771,7.3459077,9.3534708,6.5812235,7.1682382,8.7054968,4.6045103
111,2002,3,92.47709999999999,1.59385,28.32,1.55237,671.452,9348.73,1195.2,1194.6,5655.3,1.74,1.72333,1.67426,1.8093,4.75,4.26,2.61667,80.46890000000001,62.3227,73.87909999999999,92.5044,122.527,94.1738,5.66667,1020.6,1649.2,1978.9,18.3,7491.2,1456.4,10701.7,92.2847,2002q3,1105.9254,1787.0785,2144.3425,19.829939,8117.4888,1578.1598,11596.396,1294.4724,6128.1016,727.58759,100.23807,7.0084376,7.4883375,7.6705885,9.0017757,7.3640146,9.3584499,6.5897346,7.1658583,8.7206402,4.6075482
111,2002,4,92.7672,2.20008,28.2833,1.83924,681.504,9652.1,1198.89,1220.4,5778.7,1.44333,1.45667,1.36217,1.54922,4.45,4.00667,2.26667,79.64,64.1281,73.7779,93.8736,123.6,94.1109,5.53333,1012.2,1683.8,1979.9,30,7553.2,1492.1,10766.9,92.82769999999999,2002q4,1090.4072,1813.8982,2132.8762,32.31794,8136.7954,1607.3866,11598.801,1314.6937,6225.1895,734.16016,101.12671,6.9943066,7.5032334,7.6652265,9.0041513,7.3823647,9.3586569,6.5987272,7.1813588,8.7363596,4.6163745
111,2003,1,93.706,2.86678,34.0233,2.21665,694.619,9796.780000000001,1221.18,1239.2,5857.6,1.25,1.23667,1.17183,1.33188,4.25,3.92,2.07,77.0107,64.33629999999999,71.4271,94.3368,119.666,94.7722,6.36667,1012.5,1724.6,1991.8,28.6,7646.9,1516.1,10888.4,93.49639999999999,2003q1,1082.9294,1844.563,2130.3494,30.589413,8178.8174,1621.5598,11645.796,1325.3987,6265.0542,742.93665,100.89886,6.9874253,7.5199976,7.664041,9.0093031,7.3911438,9.3627005,6.610611,7.1894684,8.7427425,4.6141186
111,2003,2,94.0474,2.1316,28.9767,2.06323,703.492,10013,1257.74,1280.3,5993.8,1.24667,1.13333,1.04883,1.23583,4.24,3.62,1.77333,82.336,72.50579999999999,77.556,94.5381,115.971,94.05840000000001,6.03333,1011.6,1758.3,2033.3,-3.1,7723.8,1515.9,11008.1,93.7761,2003q2,1078.7396,1874.998,2168.2498,-3.3057463,8236.4268,1616.51,11738.705,1365.2732,6391.6074,750.18262,100.81258,6.9835486,7.5363631,7.6816754,9.0163221,7.3880248,9.3706465,6.6203165,7.21911,8.7627411,4.6132631
111,2003,3,94.5082,2.19638,30.2033,2.18857,711.177,10053.3,1275.23,1296.8,6074,1.01667,1.03,.9375,1.12876,4,4.23333,2.2,88.2714,84.1323,82.77679999999999,95.26300000000001,115.971,94.5727,6.03333,1041.4,1765.8,2102.7,4.2,7882.5,1540.8,11255.7,94.3044,2003q3,1104.2963,1872.4471,2229.6946,4.4536629,8358.5703,1633.858,11935.498,1375.1215,6440.8447,754.12921,101.01649,7.0069637,7.5350013,7.70962,9.0310431,7.3986993,9.3872719,6.6255636,7.2262974,8.7704153,4.615284
111,2003,4,94.5253,1.89512,31.1767,2.12402,720.2380000000001,10221,1294.86,1306.9,6067.4,.996667,1.05333,.926667,1.16673,4,4.28667,2.38333,93.4466,92.17140000000001,87.2778,96.1893,107.867,95.4126,5.53333,1098.6,1778.4,2148.7,35.8,7962.8,1607.8,11416.5,94.79940000000001,2003q4,1158.868,1875.9612,2266.5754,37.76395,8399.6309,1696.0023,12042.798,1378.5952,6400.2515,759.74951,101.46615,7.0551991,7.5368762,7.7260256,9.035943,7.436029,9.3962221,6.6329889,7.2288203,8.7640924,4.6197252
111,2004,1,95.3787,1.78506,35.2333,2.27831,726.448,10478.7,1318.64,1330.2,6148.8,1.00333,1.00667,.932767,1.12129,4,4.02,2.17333,99.4384,97.2804,93.5506,96.5316,103.218,96.0214,6.1,1138.8,1823.2,2163.6,51.4,8105.3,1685.1,11597.2,95.62649999999999,2004q1,1190.8833,1906.5845,2262.5527,53.75079,8475.998,1762.1685,12127.601,1391.037,6430.0166,759.67224,100.9465,7.0824504,7.5530686,7.7242489,9.0449934,7.4743004,9.4032393,6.6328869,7.2378049,8.7687321,4.6145906
111,2004,2,96.74420000000001,2.86751,38.3467,2.83552,738.549,10607.7,1330.6,1342.4,6269.2,1.01333,1.15333,1.08383,1.30195,4,4.6,2.97667,97.548,94.52589999999999,93.1961,96.9947,105.483,96.4623,5.5,1170.8,1846.8,2252.2,76,8209.4,1776.9,11778.4,96.4352,2004q2,1214.0795,1915.0684,2335.4543,78.809395,8512.8662,1842.5845,12213.798,1392.0228,6500.9458,765.85004,100.58018,7.1017413,7.5575085,7.7559619,9.0493336,7.5189242,9.4103212,6.6409864,7.2385135,8.7797031,4.6109552
111,2004,3,97.0856,2.72711,43.89,2.99722,752.703,10750,1358.96,1360.9,6334.3,1.44,1.62333,1.50667,1.75367,4.42,4.30333,2.92,96.0388,89.22669999999999,91.04689999999999,97.7599,103.337,96.89270000000001,5.4,1185.4,1876.4,2318.6,60.8,8330.700000000001,1821.3,11950.5,97.1309,2004q3,1220.4149,1931.826,2387.0879,62.59594,8576.7764,1875.0984,12303.5,1401.0989,6521.4058,774.93671,100.64758,7.106946,7.5662208,7.7778296,9.0568132,7.5364165,9.4176388,6.6527815,7.2450123,8.7828455,4.6116252
111,2004,4,97.66589999999999,3.3225,48.31,3.23005,759.26,10951.7,1377.32,1376.8,6409.4,1.94667,2.15667,2.0335,2.29508,4.94,4.17333,3.05,98.24209999999999,97.67440000000001,95.9299,98.7465,97.7354,98.2154,5.13,1225.9,1895.2,2369.8,71.5,8494.9,1912.4,12144.9,97.86150000000001,2004q4,1252.6887,1936.6145,2421.5857,73.062439,8680.5332,1954.1903,12410.294,1406.8862,6549.4604,775.85156,100.90434,7.1330476,7.5686965,7.7921777,9.0688381,7.5777311,9.4262819,6.6539612,7.2491341,8.787138,4.6141729
111,2005,1,98.2803,3.04223,49.65,3.28367,765.096,11192.6,1375.99,1372.7,6440.7,2.47333,2.675,2.58917,2.83144,5.44333,4.29667,3.61333,100.956,97.95050000000001,98.6401,99.2097,97.1395,99.6431,5.63,1262.4,1938.9,2417.7,90.7,8609.6,1939.8,12379.5,98.7666,2005q1,1278.1649,1963.113,2447.8923,91.832664,8717.1172,1964.0243,12534.096,1389.8423,6521.1318,774.65051,100.44863,7.1531806,7.5822868,7.8029828,9.0730438,7.5827508,9.4362078,6.6524119,7.2369456,8.7828035,4.6096463
111,2005,2,99.5946,2.94637,53.0533,3.11417,770.476,11406.8,1383.09,1378.3,6496.6,2.94,3.11,2.91317,3.28252,5.91667,4.16,3.73333,98.4327,95.86530000000001,98.23480000000001,99.63249999999999,99.7616,100.136,5,1298.5,1957.2,2486.7,15.9,8747.200000000001,1988.7,12516.8,99.4383,2005q2,1305.8348,1968.2557,2500.7466,15.989815,8796.6104,1999.9336,12587.504,1386.0857,6533.2974,774.82819,100.1953,7.1745977,7.5849032,7.8243446,9.0821218,7.6008692,9.4404602,6.6526413,7.2342391,8.784667,4.6071215
111,2005,3,100.806,3.83263,63.0567,3.4279,779.942,11664.8,1380.02,1377.3,6592,3.46,3.61,3.43183,3.77259,6.42667,4.21333,3.98333,99.9658,102.39,101.789,100.136,100.954,99.7586,4.97,1308.2,2003.4,2552.2,11,8908.799999999999,2042.1,12741.6,100.46,2005q3,1302.2098,1994.2266,2540.5137,10.949632,8868.0068,2032.7494,12683.257,1370.9934,6561.8154,776.37067,99.677483,7.1718178,7.5980115,7.8401217,9.0902052,7.6171446,9.4480381,6.6546302,7.2232909,8.7890224,4.6019397
111,2005,4,101.319,3.73995,60.0167,3.52304,787.466,11954.4,1381.65,1375.1,6675.5,3.97333,4.12,3.917,4.33688,6.97,4.49,4.37,100.646,103.794,101.336,101.022,102.265,100.43,4.73,1351.3,2011.9,2600.5,82.2,9010.299999999999,2140.6,12915.6,101.309,2005q4,1333.8401,1985.9045,2566.8992,81.137901,8893.8789,2112.9417,12748.72,1357.3325,6589.2466,777.29126,99.716705,7.1958175,7.5938296,7.8504539,9.0931187,7.6558366,9.453186,6.6558151,7.2132769,8.7931938,4.6023331
111,2006,1,101.865,3.6471,63.33,3.34658,797.8920000000001,12190.5,1388.5,1384.4,6758.5,4.45667,4.655,4.50033,4.76037,7.43333,4.57,4.57667,104.251,109.001,105.513,100.941,100.596,101.344,5,1414,2064.9,2680.3,66,9148.200000000001,2189.8,13183.5,102.072,2006q1,1385.2966,2022.9838,2625.8916,64.66024,8962.4971,2145.3484,12915.883,1356.2975,6621.3066,781.69525,98.89196,7.2336698,7.612329,7.8731756,9.1008043,7.6710572,9.4662132,6.6614652,7.2125139,8.798048,4.594028
111,2006,2,103.589,4.01028,70.4667,3.55405,804.9690000000001,12456.3,1383.59,1372.6,6834.3,4.9,5.05667,4.8205,5.21382,7.89667,5.07,4.98333,106.079,106.738,104.921,101.163,96.6627,101.995,4.56667,1456,2083,2707.1,72.40000000000001,9266.6,2237.4,13347.8,102.972,2006q2,1413.9766,2022.88,2628.967,70.310379,8999.1455,2172.8237,12962.553,1332.9838,6637.0469,781.73584,98.24321,7.2541614,7.6122775,7.8743463,9.1048851,7.6837831,9.46982,6.6615167,7.1951752,8.8004227,4.5874462
111,2006,3,104.169,3.33559,70.42,3.28045,805.855,12659.7,1373.95,1361.3,6929.3,5.25,5.21,5.03083,5.43323,8.25,4.89667,4.87,106.891,102.046,105.129,101.465,96.0667,102.687,4.66667,1476,2105.8,2691.9,69.09999999999999,9391.799999999999,2281.7,13452.9,103.756,2006q3,1422.5684,2029.5693,2594.4524,66.598557,9051.8135,2199.1018,12965.9,1312.0205,6678.457,776.6828,97.791931,7.2602191,7.6155791,7.8611307,9.1107206,7.6958041,9.4700785,6.6550322,7.1793237,8.8066425,4.5828419
111,2006,4,103.281,1.93733,59.9933,2.8705,812.389,13029.7,1368.87,1367.1,7072.5,5.24667,5.18333,5.03717,5.36846,8.25,4.63,4.64667,115.431,113.874,113.467,102.592,96.4243,102.918,4.23333,1538.2,2119.7,2689.8,32.3,9484.1,2252.5,13611.5,104.217,2006q4,1475.9589,2033.9292,2580.9609,30.993025,9100.3389,2161.3557,13060.729,1311.7821,6786.3208,779.51678,98.44075,7.2970634,7.6177249,7.855917,9.1160669,7.6784911,9.4773655,6.6586742,7.179142,8.8226643,4.5894547
111,2007,1,104.334,2.4241,58.03,3.21101,812.84,13201.9,1374.1,1368.1,7160.2,5.25667,5.18333,5.11283,5.35551,8.25,4.68,4.68333,118.234,116.475,116.454,103.096,97.02030000000001,104.01,4.8,1575.5,2160.6,2704.2,17,9632.799999999999,2300.6,13789.5,105.349,2007q1,1495.5054,2050.8975,2566.8967,16.136841,9143.7031,2183.7891,13089.351,1298.636,6796.6475,771.56879,97.861397,7.3102193,7.6260328,7.8504529,9.120821,7.6888165,9.4795542,6.6484261,7.1690698,8.8241844,4.5835524
111,2007,2,106.334,2.65068,64.95999999999999,3.10545,819.829,13445.3,1365.85,1363.6,7271.9,5.25,5.20667,4.866,5.35789,8.25,4.84667,4.76333,125.281,121.597,123.439,104.103,94.51730000000001,105.175,4.43333,1619.1,2201,2737.1,47.5,9753.200000000001,2349.8,14008.2,106.17,2007q2,1525.0071,2073.0903,2578.0352,44.739567,9186.3994,2213.2429,13194.123,1284.3552,6849.2983,772.18518,98.053123,7.3297544,7.6367955,7.8547831,9.1254797,7.7022142,9.4875269,6.6492243,7.1580119,8.8319016,4.5855093
111,2007,3,106.628,2.36048,75.47669999999999,2.84258,823.2480000000001,13890.1,1374.11,1371.2,7404.3,5.07333,5.13,4.3725,5.44544,8.17667,4.73,4.40667,127.912,124.328,125.634,104.586,91.8951,105.448,4.66667,1690.3,2238.2,2734.3,39.4,9850.799999999999,2394.7,14158.2,106.705,2007q3,1584.0869,2097.5586,2562.4854,36.924229,9231.8076,2244.2249,13268.544,1285.0382,6939.0376,771.51776,98.014153,7.3677635,7.6485295,7.8487329,9.1304102,7.7161155,9.4931517,6.6483598,7.1585436,8.8449183,4.5851121
111,2007,4,107.386,3.97438,90.6733,2.61527,824.4690000000001,14205.5,1375.55,1374.5,7502.6,4.49667,4.42667,3.45733,5.02934,7.52333,4.26,3.49667,128.018,128.706,128.55,105.331,87.2467,105.27,4.56667,1761.8,2271.5,2714.7,12.6,9988.4,2457.5,14291.3,106.943,2007q4,1647.4197,2124.0288,2538.4551,11.781978,9339.9287,2297.9531,13363.474,1285.2642,7015.5127,770.94244,98.492653,7.4069657,7.6610699,7.8393111,9.1420536,7.7397742,9.5002804,6.6476135,7.1587195,8.8558788,4.589982
111,2008,1,108.607,4.09543,97.94329999999999,1.96141,824.646,14511.8,1372.37,1388.3,7685.7,3.17667,2.77333,2.04183,3.26258,6.21333,3.66333,2.16667,117.408,111.142,117.668,106.197,84.8629,104.85,5.26667,1819.9,2329.7,2685.2,-13.7,10065.7,2558.4,14328.4,107.416,2008q1,1694.2542,2168.8574,2499.8137,-12.754152,9370.7637,2381.7681,13339.167,1292.4518,7155.0791,767.71246,98.865158,7.434998,7.6819558,7.8239713,9.1453495,7.7755985,9.4984598,6.6434155,7.1642962,8.8755779,4.5937567
111,2008,2,110.991,4.37939,123.973,2.03426,833.1420000000001,14520.8,1378.86,1396.8,7746.6,2.08667,2.06667,1.6315,2.75257,5.08,3.88667,2.66667,118.591,115.59,121.356,106.781,83.1943,103.265,5.23333,1925.3,2375.1,2688.8,-23.3,10183,2677.2,14471.8,108.33,2008q2,1777.2546,2192.4675,2482.0457,-21.508354,9399.9814,2471.3376,13358.996,1289.3936,7150.9277,769.07782,98.570107,7.4828253,7.6927829,7.8168383,9.1484632,7.8125148,9.4999456,6.6451921,7.1619272,8.8749971,4.5907679
111,2008,3,112.282,5.30281,117.987,2.65565,905.114,14386.3,1360.99,1458.5,7894.1,1.94,2.13,1.54967,2.90676,5,3.86333,2.63,107.345,109.139,112.667,107.425,86.41240000000001,100.672,6.03333,1927.3,2428.5,2647,-29.4,10202,2690.4,14484.9,109.539,2008q3,1759.4647,2217.0186,2416.491,-26.839756,9313.5781,2456.1116,13223.51,1331.4893,7206.6572,826.29382,98.070091,7.472765,7.7039185,7.790072,9.1392288,7.8063345,9.4897518,6.7169504,7.1940532,8.88276,4.5856824
111,2008,4,109.106,1.60169,58.4467,2.12563,1654.23,15056.2,1428.71,1602.1,8255.299999999999,.506667,1.49667,.238667,2.72233,4.05667,3.25333,1.48,83.3891,76.20829999999999,83.0089,108.512,95.4708,97.21810000000001,6.56667,1700.9,2398,2512.4,-98,9967.200000000001,2289.3,14191.2,109.216,2008q4,1557.3726,2195.6489,2300.3955,-89.730446,9126.1357,2096.1213,12993.7,1466.9097,7558.6909,1514.6407,99.355408,7.3507552,7.6942329,7.7408361,9.1188974,7.6478438,9.4722195,7.3229337,7.2909131,8.9304533,4.5987034
111,2009,1,108.563,-.040232,42.9567,1.92588,1640.65,15649.5,1429.26,1577.4,8409.9,.183333,.386667,.193833,1.24006,3.25,2.73667,1.27,73.70399999999999,70.7534,77.2174,109.278,98.2122,92.6412,8.800000000000001,1521.2,2373.8,2280.4,-141.9,9913,1896.9,14049.7,109.484,2009q1,1389.4268,2168.1707,2082.8613,-129.60799,9054.291,1732.5819,12832.651,1440.7584,7681.3965,1498.5294,99.811844,7.2366467,7.6816392,7.6414981,9.1109943,7.4573679,9.4597483,7.3122396,7.2729249,8.946557,4.6032867
111,2009,2,109.714,-1.15045,59.5033,1.13447,1679.84,15601.7,1487.02,1646.2,8453,.18,.256667,.168833,.8473000000000001,3.25,3.31333,1.49,78.9542,82.4859,83.9025,109.6,95.8284,90.1638,9.133330000000001,1520.2,2413,2216,-179.5,9920.1,1855.3,14034.5,109.559,2009q2,1387.5629,2202.4663,2022.6544,-163.83867,9054.5732,1693.4254,12809.993,1502.5693,7715.4775,1533.2743,100.03742,7.2353044,7.6973329,7.6121659,9.1110249,7.4345088,9.4579811,7.3351607,7.3149319,8.950984,4.6055446
111,2009,3,110.459,-1.62336,68.2133,.192355,1801.09,,,1660.8,8459.299999999999,.156667,.236667,.153667,.4126,3.25,3.51667,1.56,87.5068,94.5848,92.7109,110.546,91.18000000000001,91.9693,9.6,1582.1,2425.3,2200.3,-143.3,10040.7,1990.5,14114.7,109.75,2009q3,1441.549,2209.8406,2004.8291,-130.56947,9148.7012,1813.6675,12860.774,1513.2574,7707.7905,1641.0842,100.72529,7.2734733,7.7006755,7.6033139,9.1213675,7.5031061,9.461937,7.4031124,7.3220201,8.9499865,4.6123967
111,2009,4,110.682,1.44393,76.08669999999999,.411204,2018.03,,,1696.6,8542.799999999999,.12,.166667,.054,.268067,3.25,3.46,1.38667,96.4457,103.015,101.845,111.11,,93.544,9.533329999999999,1689.9,2434,2182.4,-44.2,10131.5,2116.3,14277.3,109.665,2009q4,1540.9657,2219.4866,1990.0607,-40.304565,9238.5898,1929.7861,13019.013,1547.0752,7789.9058,1840.1769,101.31765,7.3401647,7.7050314,7.5959206,9.1311445,7.5651646,9.4741659,7.5176167,7.3441215,8.9605837,4.6182609
111,2010,1,111.126,2.36052,78.68000000000001,.427243,2074.88,,,1713.1,8519.9,.133333,.16,.105833,.256333,3.25,3.71667,1.46667,99.116,108.375,105.234,111.513,,95.1606,10.4,1757.8,2464.7,2180.8,50,10230.8,2237.6,14446.4,109.952,2010q1,1598.6976,2241.6145,1983.4109,45.474388,9304.7871,2035.0698,13138.824,1558.0435,7748.7451,1887.078,101.41971,7.3769445,7.7149515,7.5925732,9.1382847,7.6182852,9.4833269,7.5427847,7.3511863,8.955286,4.6192675
111,2010,2,111.654,1.76777,77.8533,.847441,1998.99,,,1721.5,8604.6,.193333,.276667,.143333,.435667,3.25,3.49,1.37667,100.217,111.642,105.945,111.835,,96.77719999999999,9.466670000000001,1817.9,2485.2,2267,80.40000000000001,10285.4,2357.1,14578.7,110.487,2010q2,1645.3519,2249.3145,2051.8252,72.768745,9309.1494,2133.373,13194.946,1558.1018,7787.8848,1809.2535,101.22005,7.4057097,7.7183809,7.6264849,9.1387529,7.6654596,9.4875889,7.5006695,7.3512235,8.9603243,4.6172967
111,2010,3,111.758,1.17561,76.08,1.22347,1963.32,,,1765.7,8709.1,.186667,.253333,.151833,.3881,3.25,2.78667,.833333,98.5074,106.619,102.65,112.318,,97.911,9.466670000000001,1847,2503.7,2288.5,126.6,10383.6,2399.1,14750.2,111.093,2010q3,1662.571,2253.6973,2059.9858,113.95857,9346.7637,2159.542,13277.344,1589.389,7839.4678,1767.2761,101.10268,7.4161205,7.7203274,7.6304545,9.1427851,7.6776514,9.4938145,7.4771948,7.3711052,8.9669266,4.6161366
